With the national debt now topping $23 trillion the Congressional Budget Office should calculate not just the principal cost but the debt servicing costs too. We owe it to America’s taxpayers. https://t.co/WuXlJRHm2i,2020-01-17 20:00:23,TweetDeck,43,67
USMCA: Good for Idaho. Good for America. https://t.co/GgP0jNRLz4,2020-01-17 18:53:12,Twitter Web App,77,293
Today on #NationalReligiousFreedomDay we recommit to protecting everyone’s right to freedom of belief and worship in the United States and around the world. Freedom of religion is at the core of our nation’s values. https://t.co/OvQQcSpNaN,2020-01-16 20:33:56,Twitter Web App,9,43
Today I submitted a statement into the Congressional Record honoring Idaho's Robert Long on winning 1st place in the Mongol Derby. This is one of the toughest tests of skill &amp; endurance for any horseman &amp; I'm proud that an Idahoan represented the U.S. with such excellence.,2020-01-16 18:40:27,Twitter for iPhone,7,27
The #USMCA is a win for Idaho’s small businesses and ag producers and I’m proud we were able to get this historic deal done. https://t.co/6a1TcKExah,2020-01-16 18:21:31,Twitter Web App,52,186
It's good news for Idaho that included in phase one of the China trade deal is a provision facilitating the export of Idaho potatoes — an issue that went unresolved for 20 years until now. https://t.co/vsKdqvhS5W,2020-01-15 21:00:18,Twitter Web App,28,70
In 2018 Idaho’s exports to Canada &amp; Mexico totaled more than $1 billion.   #USMCA will provide #Idaho producers &amp; innovators with: ✅ Open markets ✅ Free &amp; fair trade ✅ Much needed certainty  Let’s get this done! #USMCAnow https://t.co/cKZrCIagSq,2020-01-10 16:59:33,Twitter Web App,67,99
Thank you to Idaho's law enforcement professionals for keeping our communities safe! #NationalLawEnforcementAppreciationDay https://t.co/qRVAPXUSwE,2020-01-09 20:23:58,Twitter Web App,37,76
At 8:45a MST/10:45a EST I'll be talking with @jimsciutto on @CNN about #Iran and the latest with #impeachment.,2020-01-09 15:20:00,TweetDeck,7,25
COMING UP: I'll be speaking with @BillHemmer and @SandraSmithFox on @FoxNews at 8:30a MST/10:30a EST about the latest with #Iran.  Hope you can tune in!,2020-01-09 15:05:00,TweetDeck,7,48
Congratulations to Jovita Carranza on being confirmed as the new @SBAgov Administrator! I’m confident she’ll do a great job advocating for American small businesses and strengthening the economic success we have achieved since 2016.,2020-01-07 18:45:09,Twitter Web App,178,629
Happy New Year! https://t.co/ZgDWEcBuz7,2020-01-01 15:27:09,Twitter for iPhone,6,35
To everyone celebrating today Vicki and I wish you a very Merry Christmas! https://t.co/JZ8VT4Wzwu,2019-12-25 15:05:11,Twitter for iPhone,5,56
ICYMI: Last week my bill to update the Pittman-Robertson Fund became law. The legislation will ensure outdoorsmen &amp; women can carry on treasured hunting traditions while conserving wildlife for future generations to enjoy. https://t.co/98WKjugfhx,2019-12-23 19:36:07,Twitter Web App,9,16
Two years on from tax reform and we’ve seen 4.6 million new jobs a 50-year low unemployment rate and the longest economic expansion in U.S. history. Tax reform is working for Americans. https://t.co/KrxtMZBMS2,2019-12-23 00:12:48,Twitter for iPhone,129,431
Pleased to see the @EPWGOP Committee advance a package with my bill to modernize the Pittman-Robertson Fund. This bipartisan bill will promote hunting traditions and ensure the continued successful funding of wildlife conservation.,2019-12-18 00:39:30,Twitter for iPhone,5,19
The #FY20NDAA provides big victories for Idaho and our servicemen and women. I'm proud to support this important bipartisan legislation and send it to the President's desk. https://t.co/JRLGluq0x4,2019-12-17 19:09:36,Twitter Web App,12,23
THIS JUST IN: Two-year authorization for the Secure Rural Schools program made it into Congress' end-of-year funding package. Click here to learn more: https://t.co/Dm0N4Girh0,2019-12-17 00:32:30,Twitter Web App,10,16
Always Ready Always There. Happy 383rd Birthday to the @USNationalGuard! #Guard383 https://t.co/JMPUEjurtK,2019-12-13 15:49:27,Twitter Web App,6,38
Another important step toward making @NuScale_Power's groundbreaking #SMR design a reality. Congratulations! https://t.co/gdprQmKhe9,2019-12-12 22:01:33,Twitter Web App,2,12
#Idaho’s rural counties shouldn’t be subjected to the annual guessing game of whether they’ll be able to provide critical county services. Congress must support our rural communities and reauthorize #SRS and #PILT. https://t.co/dDC57psZw1,2019-12-12 16:30:12,Twitter Web App,11,29
The #USMCA trade deal is a huge win for Idaho’s farmers ranchers and small businesses and I’m pleased this historic agreement will go to President Trump’s desk for his signature. #Idaho #USMCAnow,2019-12-10 22:21:44,Twitter Web App,2,19
We Republicans are free traders. We know that free trade is the bedrock of a healthy economy and Canada and Mexico are the United States’ natural trading partners.,2019-12-10 22:21:44,Twitter Web App,10,27
To celebrate Computer Science Education Week I joined the thousands of Idaho students participating in #HourofCode. Computer programming can change the world. I encourage you to participate in the movement by visiting https://t.co/ITGCELSFcC. #IdahoSTEMAC https://t.co/Zn9pynjHiW,2019-12-09 19:35:00,TweetDeck,3,21
Today I sent a letter with @SenAngusKing to @FERC about #Huawei. The dangers associated with using Huawei equipment on U.S. critical infrastructure cannot be overstated. I urge FERC to ensure our national grid is secure and free of outside interference. https://t.co/VfOPjxPqHc,2019-12-06 16:51:46,Twitter Web App,7,26
This morning at 8:05am MST I'll be speaking live with Neal Larson on @kidnewsradio.  Tune in here: https://t.co/j03msRYGpo,2019-12-05 14:47:11,Twitter Web App,3,10
Reducing burdensome red tape means unleashing greater economic opportunity for all Idahoans. Thanks to @GovernorLittle and the Idaho Legislature on this great work! https://t.co/1L3fy5QN1Y,2019-12-04 21:19:40,Twitter for iPhone,6,46
I met with @TeamLucyMeyer an inspiring young advocate for people around the world who live with disabilities &amp; who deserve the same opportunities as everyone else. Thanks to @UNICEF and @SpecialOlympics for their work with Lucy and many others on inclusivity around the world! https://t.co/RX70HXERID,2019-12-03 20:44:32,Twitter Web App,4,16
The US set the standard for accessibility for disabled persons and we continue to fight for their inclusion. Today on #InternationalDisabilityDay we continue to respect the rights dignity and inclusion of persons with disabilities at home and around the world. #ThisAbility,2019-12-03 20:44:29,Twitter Web App,5,21
Congratulations @INL! These awards are further evidence of the Lab's unparalleled leadership on nuclear energy cyber security and critical infrastructure protection. https://t.co/ND35sgqXBL,2019-12-03 18:18:55,Twitter Web App,3,13
Today I joined @SteveDaines in cosponsoring the Small County #PILT Parity Act to ensure the federal government fulfills its obligation to all of Idaho’s counties.,2019-12-03 15:29:44,Twitter for iPhone,5,19
I'm proud to recognize R &amp; H Machine in Caldwell as the December Idaho Small Business of the Month! Owners &amp; operators Kathy &amp; Dave Organ have made R &amp; H Machine an exemplary family owned business that provides farmers with the best deals on superior products. Congratulations!,2019-12-02 21:38:56,Twitter Web App,3,18
The loss of life is always terrible and the news of the plane crash killing nine members of the Hansen family is absolutely devastating. Vicki and I offer our prayers to the Hansens and the entire Idaho Falls community in this difficult time. https://t.co/idCbRDGdoX,2019-12-02 16:27:45,Twitter for iPhone,2,21
Funding effective &amp; efficient global health programs is critical to ending the global #AIDS epidemic. On #WorldAIDSDay I encourage my Senate colleagues to pass my bipartisan resolution with @SenatorMenendez supporting @GlobalFund’s important work fighting AIDSTB and malaria.,2019-12-01 16:43:36,Twitter for iPhone,10,30
Idaho’s small business owners are the heartbeat of our state’s thriving economy. This #SmallBusinessSaturday support your local entrepreneurs and #ThinkBigShopSmall. https://t.co/MGuOqOlMUx,2019-11-30 15:30:43,Twitter for iPhone,13,70
Happy Thanksgiving! Vicki and I wish everyone a blessed Thanksgiving full of joy and gratitude. https://t.co/DF54hvcbrt,2019-11-28 16:31:39,Twitter for iPhone,9,62
Congratulations @JayKIFI on 35 great years with @localnews8! Your decades of thoughtful reporting have made you a staple of the Idaho Falls community &amp; you'll be greatly missed on the weeknight news. I wish you &amp; your family the very best. Thank you for all you've done for Idaho!,2019-11-28 05:15:00,TweetDeck,3,22
I’m proud to honor Kellogg Lumber as the final Veteran-owned Idaho Small Business of the Month for November. Thank you to @USArmy veteran Steve Bristow for your service to our nation and congratulations to all the employees of Kellogg Lumber!,2019-11-21 20:50:33,Twitter Web App,7,37
The federal government made a commitment to provide reliable support to our rural communities. We must reauthorize #PILT and #SRS. https://t.co/Yh9D9lIgGj,2019-11-21 17:41:24,Twitter Web App,6,23
Congratulations to Leisureland RV in Boise on being named the Veteran-owned Idaho Small Business of the Day. Thank you to owner &amp; operator @usairforce veteran John DeHoff for your service to our country!,2019-11-20 21:40:03,Twitter for iPhone,6,39
I spoke with the @TODAYshow about the Trump administration's success with bringing Americans home. Idahoans can watch my conversation live at 7:40am Mountain Time. https://t.co/t98JXDXhAN,2019-11-20 14:35:32,Twitter Web App,6,17
Today I'm recognizing Hammer Down River Excursions in White Bird as the #Veteran-owned Idaho Small Business of the Day! Congratulations to owner &amp; operator @USArmy #veteran Homer Brown and all the employees at Hammer Down River Excursions. You make Idaho proud.,2019-11-19 20:47:54,Twitter Web Client,5,22
Any reauthorization of the Higher Education Act must strengthen workforce development efforts. Read my letter with @MikeCrapo to @GOPHELP here: https://t.co/8UyJQU8u8j,2019-11-19 18:02:00,TweetDeck,1,10
Nuclear energy must remain a central pillar of US energy policy. Thanks to @ANS_org for hosting today's discussion about the future of nuclear energy &amp; honoring me w/ the President's Citation award. W/ innovation from @INL &amp; industry leaders we will stay at the head of the pack. https://t.co/Nn8FrlHdX2,2019-11-19 16:16:49,Twitter for iPhone,2,21
Reps from my Boise regional office will be holding outreach hours at senior centers throughout the Treasure Valley in November &amp; December. Click here for the full schedule: https://t.co/HZfVTUDF2n,2019-11-19 00:33:00,TweetDeck,1,8
Congratulations to Mountain View Dental Clinic in Soda Springs on being named today’s Veteran-owned Idaho Small Business of the Day. Dr. Jerry Walker’s service in the @usairforce and the Soda Springs community is deeply appreciated.,2019-11-18 21:06:46,Twitter Web Client,2,18
When Erdogan walked into the meeting on Wednesday he thought he was going to make an acceptable case for keeping Russian weapons systems. We brought him to reality in no uncertain terms. https://t.co/heZwUUkIOG,2019-11-15 22:44:06,Twitter Web Client,66,115
Today I'm honoring Critical Power Products and Services in Post Falls as the Veteran-owned Idaho Small Business of the Day. Thank you to Critical Power owner &amp; operator Will Alt for your faithful service to our nation in the @USArmy. God bless you!,2019-11-14 18:18:16,TweetDeck,3,23
Thanks to Idaho Lt. Governor Janice McGeachin for coming by my office today. From one (former) lieutenant governor to another I can confirm she’s doing a great job serving Idaho! https://t.co/SW6lDM0f3Y,2019-11-14 00:39:23,Twitter for iPhone,6,30
Had a great meeting today with Idahoan Dan McKnight from Bring Our Troops Home. I’m grateful for conversations like ours about the importance of ending forever wars safely &amp; swiftly. I agree with him and support ending our engagements responsibly—we owe that to our veterans. https://t.co/ieYV83KT2C,2019-11-13 23:09:55,Twitter for iPhone,4,33
Congratulations to A &amp; J Auto Repair in Twin Falls on being named the Veteran-owned Idaho Small Business of the Day. Thank you to owner &amp; operator @USMC #veteran Charles "Abe" Abrahamson for his service to our nation! You make our great state proud.,2019-11-13 22:45:00,TweetDeck,5,15
Happy #NationalApprenticeshipWeek! Apprenticeships are a valuable workforce development tool that provide students with hands-on instruction to help them excel in high-demand careers. Click here to learn more about #apprenticeship opportunities: https://t.co/AqzbaC0R9t,2019-11-13 19:40:00,TweetDeck,6,8
ICYMI: Read my op-ed in the @CdAPressNews honoring Idaho's #veterans.  https://t.co/K4AxjNr4em,2019-11-13 18:20:00,TweetDeck,1,8
Representatives in my Twin Falls office and @MikeCrapo's and @CongMikeSimpson's offices are visiting senior centers in the Magic Valley to answer seniors' questions and provide resources. Click below for the schedule for late Nov and early Dec: https://t.co/4VN3rssJtf,2019-11-13 00:13:00,TweetDeck,3,13
Congratulations to the @FarmBureau on 100 years! America's farmers and ranchers make us a better and more prosperous nation. Thank you for all that you do to keep our country healthy and strong. #AFBF100 https://t.co/X5rX1rOmKZ,2019-11-12 19:00:00,TweetDeck,2,12
I’m proud to recognize Mac’s Vacs of Lewiston as the veteran-owned #Idaho small business of the day! @macsvacuum is owned and operated by @usairforce #veteran Dennis Prine whose decades of steady leadership has made Mac’s Vacs a staple in the Lewiston community. Congratulations!,2019-11-12 17:21:00,TweetDeck,2,14
Happy Veterans Day to the men and women who have faithfully and courageously defended our nation. Yours is a debt that cannot be repaid. May God bless you and your families and thank you for your service.  #VeteransDay,2019-11-11 16:01:00,TweetDeck,7,32
My #1 priority is representing Idahoans in D.C. and this is a great example of how your input can make a difference.,2019-11-08 02:38:44,Twitter for iPhone,3,13
Today I did just that during a lunch with @POTUS at the White House. That prompted a lengthy and productive discussion about how we can help the ag industry. The President is fully engaged on the issue and he is on our side.,2019-11-08 02:38:44,Twitter for iPhone,8,19
Thank you again to the thousands of Idahoans who participated in my tele-town hall last night. During the call Tracy Walton from Emmett made a great point about the effects of trade on the agricultural industry. I promised I would carry his message to the President.,2019-11-08 02:38:43,Twitter for iPhone,5,19
Today’s announcement from the Governor’s office has been many years in the making. Congratulations to @GovernorLittle @lawrencewasden @ENERGY and @INL on this historic agreement! https://t.co/vSqeYCu7Wg,2019-11-08 01:41:53,Twitter for iPhone,2,24
I'm proud to honor Eagle Rock Gallery of Idaho Falls as the #Veteran-owned Idaho Small Business of the Day. Congratulations to @USArmy veterans Gary and Kathi Jensen on this achievement and thank you for your service to our country!,2019-11-07 19:30:00,TweetDeck,5,26
Tonight I held a tele-town hall to hear from Idahoans about the issues that are most important to them. We had a lot of great questions about #trade the #ColumbiaRiverTreaty #cybersecurity and more. Thank you to everyone who participated!,2019-11-07 03:20:55,Twitter Web Client,1,25
Congratulations to @popularpatch of Hayden on being named the #Veteran-owned Idaho Small Business of the Day. @USNavy vet Don McGrogan collected military patches during his service and upon reentering civilian life turned his hobby into a career. Thank you Don for your service!,2019-11-06 19:30:00,TweetDeck,4,17
Four of @INL's top researchers and scientists were named Women Worth Watching for 2019. Congratulations to Dr. Anne Gaffney Dr. Monica Regalbuto Dr. Erin Searcy and Virginia Wright on this great achievement. You make #Idaho proud!,2019-11-06 18:04:19,Twitter Web Client,5,26
This week is National #Veterans Small Business Week and today I'm honored to name @RhinoMetals of Caldwell as the Veteran-owned Idaho Small Business of the Day. Rhino Metals is owned and operated by @usairforce vet Don Suggs. Thank you Don for your service to our country!,2019-11-05 19:30:00,TweetDeck,6,21
Happy Election Day! Don't forget to head to the polls today to vote in your local elections. Click here to find your nearest polling place: https://t.co/KGwLLfIM2T,2019-11-05 17:44:58,Twitter Web Client,3,14
America’s veterans have protected the very freedoms &amp; values that give each of us &amp; our children the ability to achieve the American dream. This month I'm proud to recognize a different #veteran-owned Idaho #smallbiz for each day the Senate is in session. God bless our veterans.,2019-11-01 20:33:27,TweetDeck,6,34
Protecting small businesses from cyberattacks requires an all-hands-on-deck approach. Read my op-ed in @ThePostRegister about the importance of cybersecurity for Idaho's small businesses. https://t.co/wa2FVnHhsW,2019-10-31 14:48:03,Twitter Web Client,5,13
Calling all students: Do you want to learn about federal policymaking? Consider applying for an internship in my DC Senate office. The application deadline for the spring internship session closes on Friday November 1st. Click to learn more: https://t.co/k77bOXYZe6,2019-10-29 23:45:00,TweetDeck,3,12
America remains committed to fighting #ISIS until they are no longer able to reconstitute. I spoke with @SandraSmithFox on @AmericaNewsroom this morning about the implications of al-Baghdadi’s death which you can watch here: https://t.co/l5DLKC9eGh,2019-10-29 16:26:15,Twitter Web Client,9,15
I’m joining @SandraSmithFox on @AmericaNewsroom around 9:15 AM MST/11:15 AM EST to talk about the fight against ISIS and the implications of Baghdadi’s death. Tune in if you can!,2019-10-29 15:11:10,Twitter for iPhone,4,30
My statement on the death of ISIS leader Abu Bakr al-Baghdadi: https://t.co/OPiPwytsAT,2019-10-27 14:23:17,Twitter Web App,26,50
Today is National Prescription Drug #TakeBackDay. Click below to find your nearest collection site: https://t.co/AIaFbXbZps,2019-10-26 15:00:01,TweetDeck,1,4
Congratulations to the Idaho Falls Bandits (who won the @AmericanLegion World Series this past summer) on being honored at Game 4 of the @MLB World Series tomorrow night in Washington D.C. @Ifbandits make Idaho proud! https://t.co/WZrqW0bs7q,2019-10-26 00:00:00,TweetDeck,11,51
Yesterday @Sen_JoeManchin and I introduced a bill to promote the research development and deployment of nuclear hybrid energy systems. @INL is already a world leader in nuclear innovation and this legislation will expand upon their continued great work. https://t.co/mTRmo1izZM,2019-10-25 15:41:53,Twitter Web Client,6,29
Starting Oct. 30th reps in my Twin Falls office @MikeCrapo's office &amp; @CongMikeSimpson's office will hold outreach hours at senior centers in the Magic Valley to answer questions &amp; provide resources. Click below for the schedule for late Oct &amp; early Nov: https://t.co/pTB9EU9mqf,2019-10-24 15:32:12,Twitter Web Client,5,11
This just in: 8 additional Singaporean F-15SGs are coming to Mountain Home Air Force Base later this year. This is great news &amp; comes following a recent @usairforce training exercise between the US and Singapore at the Mountain Home base.,2019-10-23 19:56:00,Twitter Web Client,2,12
Happy National #ForestProductsWeek and Timber Innovation Day! As the only forester in the Senate I'm proud of #Idaho's innovation and leadership in the timber industry and its work to protect the health and vibrancy of our forests and rural communities.,2019-10-22 17:12:29,Twitter Web Client,3,14
Women entrepreneurs in rural Idaho face unique challenges. Read my op-ed in @IBRnews about how we're working to change that. https://t.co/QVdCzOneBL,2019-10-18 18:01:53,Twitter Web Client,4,7
I will continue working with @SenatorMenendez and my colleagues in the Senate on our legislation as a means of supporting the president’s deal and securing a number of other important provisions related to our national security.,2019-10-17 20:48:38,Twitter for iPhone,4,15
I commend @POTUS @VP &amp; @SecPompeo on their work to secure a ceasefire in #Syria. The events of today are evidence that this is a very fluid situation and the next few days will be critical as it remains to be seen whether #Turkey will abide by the terms of this agreement.,2019-10-17 20:48:38,Twitter for iPhone,15,45
Congratulations to @HansonGarageInc of Orofino on being named the Idaho #SmallBiz of the Month for October. You make our great state proud and I look forward to watching your continued growth and success.,2019-10-16 19:22:35,Twitter Web Client,7,19
.@INL is making Idaho the epicenter of cutting-edge cybersecurity research. I look forward to following the Lab as it trains the next generation of talent while continuing to lead the world in cyber research.  https://t.co/tNyUCBMB2R,2019-10-15 22:35:39,Twitter for iPhone,4,16
Congratulations @INL! https://t.co/8ip0MfFe2F,2019-10-15 13:20:09,Twitter Web Client,3,27
https://t.co/ns5MyPmub2,2019-10-09 21:17:30,Twitter Web Client,10,32
ICYMI: Enjoyed showing @BetsyZRussell what a typical week in the Senate looks like between meeting with Idahoans and chairing the @SenateForeign Committee.  https://t.co/zlGWm1PRUz,2019-10-09 00:00:00,TweetDeck,3,19
Congratulations @TrailheadBoise on winning a @SBAgov Growth Accelerator Fund award to bring more economic success to Idaho.,2019-10-08 19:30:00,TweetDeck,3,16
On his trip to the Center of the Universe (a.k.a. Wallace Idaho) @HarrySmith said it best: “No one and no thing has ever been able to stop Wallace.” https://t.co/qFaYe45IOB,2019-10-07 13:59:00,TweetDeck,2,15
Today in North Idaho I had the distinct honor to restore service medals to a Korean War veteran Charles Riffel. Charles thank you for answering the call to defend our country and our freedom! https://t.co/GKQtQExiAa,2019-10-03 23:43:22,Twitter for iPhone,6,38
I'm glad to join @SenCoryGardner in cosponsoring the Ski Area Fee Retention Act which will allow some of the revenue generated by ski resorts in national forests to be put to use supporting skiers.  This will allow forests in Idaho to better support ski permit administration.,2019-09-26 15:59:16,Twitter Web Client,1,13
I am proud @SenateForeign today passed the #HongKongHumanRightsandDemocracyAct. After more than 2 decades of broken promises it's time we hold the CCP accountable for erosion of Hong Kong autonomy. We are all proud to stand with Hong Kongers in pursuit of fundamental freedoms.,2019-09-26 00:30:42,Twitter Web Client,1696,2944
I have discussed @MicronTech’s story with @RealDonaldTrump many many times &amp; today he shared it with the world. I thank POTUS for all he does to hold China accountable &amp; to seek its adherence to the rule of law. Micron is a true Idaho gem &amp; we will continue to fight for them! https://t.co/CWBeqUJsRy,2019-09-24 17:51:11,Twitter Web Client,21,59
Idaho’s relationship with Singapore is just one example of the many ways that our state contributes to strong international partnerships and security – a role Idaho takes seriously. I commend President Trump for making this partnership a priority. https://t.co/qO7lsZ5zFj,2019-09-24 00:34:51,Twitter for iPhone,7,26
I was proud to stand with Singapore PM @leehsienloong &amp; @realDonaldTrump today as they took an important step to ensure our partnership continues to grow. Idaho is proud to host a Singaporean F-15 training squadron at Mountain Home Air Force Base.,2019-09-24 00:34:49,Twitter for iPhone,5,27
This week I was honored to present the @NEAarts Heritage Fellowship Award to Dan Ansotegui of Boise. Dan is a master of Basque music dance and cooking. He makes Idaho proud by sharing and preserving traditional Basque arts heritage. Congratulations Dan! https://t.co/N4QJMMaEVD,2019-09-20 17:34:14,Twitter Web Client,7,17
America’s energy production has changed in ways unimaginable when #PURPA was written 40 years ago. @FERC agrees it’s time to modernize.   https://t.co/gajYlVaSxX,2019-09-19 23:00:00,Twitter Web Client,6,13
Had a great sit down with my personal office and @SenateForeign interns yesterday. I thank them for their diligent work and have no doubt they have bright futures ahead. https://t.co/oIrLrYYXsc,2019-09-19 20:48:24,Twitter Web Client,3,7
Thank you @BillHemmer for having me. https://t.co/8WIjO6Vv6O,2019-09-19 13:50:34,Twitter Web App,1,7
This morning at 9am ET I'll be speaking with Bill Hemmer on @AmericaNewsroom about the latest on #Iran.,2019-09-19 12:26:27,Twitter Web App,5,38
Looks like the secret’s out! #Idaho https://t.co/ayH5ErUIcN,2019-09-18 20:36:37,Twitter for iPhone,6,13
COMING UP: I’ll be speaking with @TeamCavuto on @FoxNews at 4:15pm ET about developments with #Iran.,2019-09-18 19:43:41,Twitter for iPhone,1,7
The PILT program impacts every single county in Idaho. Our rural communities need a lasting solution and we owe it to them to fulfill our obligation and reauthorize PILT. https://t.co/nXnUbuMyss,2019-09-17 17:04:32,Twitter Web App,4,12
Spoke with more than 100 members of the Boise Council on Foreign Relations last week at @boisestatelive. Enjoyed the robust conversation covering a number of very pressing foreign relations issues – all of them important to Idahoans. https://t.co/dFqEue0X0N,2019-09-17 00:40:00,TweetDeck,2,16
Iran should not underestimate the United States’ resolve. Any attack against U.S. forces deployed abroad must be met with an overwhelming response—no targets are off the table.,2019-09-16 20:08:38,Twitter Web App,7,19
Iran continues to respond to diplomacy with violence &amp; demonstrate the regime’s refusal to act as a responsible member of the international community. The recent attacks against Saudi Arabia’s oil infrastructure underscore Iran’s efforts to sow instability across the Middle East.,2019-09-16 20:08:38,Twitter Web App,11,22
Congratulations @INL! INL's cutting-edge research continues to set the bar and strengthen the U.S. nuclear industry. https://t.co/GOZUIFHvfc,2019-09-12 17:28:37,Twitter Web App,3,15
#NeverForget 🇺🇸 https://t.co/6usD6loH7E,2019-09-11 13:24:18,Twitter Web App,12,25
Congratulations to BioLogiQ of Idaho Falls on being named Idaho #SmallBiz of the Month. BioLogiQ leads the bioplastics field with its creation of renewable bioplastic resin made from #IdahoPotatoes. BioLogiQ’s innovation and commitment to its homegrown roots is inspiring!,2019-09-10 15:30:45,Twitter for iPhone,5,16
Enjoyed talking with @DougPetcashKTVB about issues affecting Idaho and the nation. You can watch our Viewpoint interview this Sunday on @KTVB Channel 7 and Idaho’s Very Own 24/7. Thank you for having me! https://t.co/xb9e0OdQxr,2019-09-06 14:42:08,Twitter for iPhone,3,13
Idaho’s small businesses are making headlines. Last year the growth of small businesses in Idaho ranked third in the nation creating jobs and economic opportunity across the state. Check out the @AdvocacySBA fact sheet here for more information. https://t.co/bc37DrnjZE,2019-08-29 20:26:27,Twitter Web Client,9,41
It has been an honor and a privilege to serve alongside @SenatorIsakson. Johnny you will be missed and Vicki and I wish you nothing but the best. https://t.co/VPSfeqsBaQ,2019-08-28 15:23:31,Twitter for iPhone,2,25
Happy National Hydropower Day! Did you know that this clean renewable energy generates half of Idaho’s power? #hydropower,2019-08-23 15:37:32,Twitter Web App,2,23
Congratulations to the Idaho Falls Bandits on their hard-fought well-deserved victory! @AmericanLegion World Series champions! @Ifbandits #ALWS19   https://t.co/xBk6HHTAIF,2019-08-21 16:46:54,Twitter Web App,7,46
Idaho is the best state in the nation to start and grow a small business and people are taking notice. I thank @SmallBusinessPE for hosting a great event today to talk about how SBICs can help connect Idaho’s #smallbiz community with even greater opportunities to thrive.,2019-08-15 19:01:28,Twitter Web App,22,56
Congratulations to the @INL on today’s launch of the National Reactor Innovation Center! INL is our nation’s flagship nuclear laboratory and today’s announcement is just another example of INL’s world-class leadership in developing advanced nuclear technologies. https://t.co/UbDQdSv3LY,2019-08-14 16:50:19,Twitter Web App,10,42
These revisions to the Endangered Species Act are welcome news in Idaho and across the West. The ESA should be consistent and science-based and this work will help improve the Act’s functionality for conservation recovery wildlife managers and rural communities https://t.co/NFevpVlc4N,2019-08-14 00:37:00,TweetDeck,8,24
The people of Hong Kong have a right to the autonomy they were promised by the Chinese government years ago. The Hong Kong government should engage with its people to prevent any further escalation. All acts of violent suppression are unacceptable.,2019-08-13 21:52:55,Twitter for iPhone,106,210
Thanks to @REDI_Eastern_ID for hosting a great meeting yesterday. I appreciated the update from folks at the @INL and enjoyed hearing from community leaders across Eastern Idaho. https://t.co/n5gWFSUETE,2019-08-13 16:14:19,Twitter Web App,3,18
Thanks to the Pocatello-Chubbuck Chamber of Commerce for hosting a terrific breakfast this morning. It’s always great to be in Pocatello! https://t.co/6vcOM3PNkM,2019-08-12 15:43:40,Twitter Web App,3,15
I was fortunate to meet with Carson and his mom Fondra in my Cd'A office yesterday to talk about juvenile diabetes. I applaud him for his hard work and perseverance and have no doubt his determination will take him far in life. https://t.co/j9sGc4NVCm,2019-08-09 17:00:00,TweetDeck,4,26
Thanks to the @cdachamber for hosting a superb gathering yesterday. I gave a DC update fielded questions and honored @EmpireAirInc. Always good to be in North Idaho. https://t.co/UmSYGvfKKK,2019-08-09 15:00:02,TweetDeck,4,15
We owe a debt of gratitude to Sue Gordon for her decades of public service in the intelligence community. Her dedication to preparing the community for the future as well as her candor and insights will be missed.,2019-08-09 03:12:03,Twitter for iPhone,4,21
Had a great time touring Perimeter Solutions in Post Falls this morning and enjoyed talking with the entire ⁦@PerimeterSltns⁩ team. Keep up the good work! https://t.co/tPzP6NIKFn,2019-08-08 22:31:02,Twitter for iPhone,2,18
Idaho received an 'A' from @thumbtack's 2019 Small Business Friendliness Survey. See the full set of results at https://t.co/6Ai4bfSStV. #Idaho #SmallBizFriendly https://t.co/ftOvS5WK3T,2019-08-08 16:12:28,Twitter Web App,4,8
The US &amp; our NATO allies are unified in the conviction that Russia bears sole responsibility for the end of the #INFTreaty. Today marks the end of 1 treaty but it does not mark the end of arms control or nonproliferation efforts. https://t.co/QtsJDZS72f https://t.co/G98Fq3rpj7,2019-08-02 19:45:54,Twitter for iPhone,5,20
This class of interns went above and beyond their duties as interns to serve Idaho and the Senate Foreign Relations Committee this summer. I’m grateful for their outstanding work and I have full faith they will accomplish anything they set their minds to. Thank you and good luck. https://t.co/94zLZJngXP,2019-08-02 18:54:23,Twitter Web App,5,40
A one-size-fits-all approach to land management does not work and I am pleased the Forest Service is rolling back this federal overreach and taking into account the needs of the species wildlife managers and local communities. https://t.co/Qh9OeCCq1E,2019-08-02 00:45:00,TweetDeck,7,27
Congratulations to @EmpireAirInc of Hayden for being named Idaho #SmallBiz of the Month. The entire Empire family shows how one big idea and a dedication to hard work can lead to small business success.,2019-08-01 18:18:32,Twitter Web App,2,19
Congratulations to Amb. Kelly Craft who was just confirmed to be our next US Ambassador to the UN! She will represent the US well in New York at @USUN.,2019-07-31 22:38:06,Twitter for iPhone,6,18
Last week @RepRussFulcher and I introduced a bill to streamline the discovery and permitting process for geothermal energy projects. This clean low-cost resource is rich in Idaho and across the West and our bill will cut red tape to unleash geothermal's enormous potential.,2019-07-29 19:26:02,Twitter Web App,9,38
Director Dan Coats has been a great leader of our intelligence community from his time in the Senate to now and I thank him for his many decades of steadfast service to our country.,2019-07-29 02:16:11,Twitter for iPhone,10,32
Today is National Day of the American Cowboy. Cowboys represent the best of the American West with their hard work courage integrity and grit. Here’s to all the cowboys and cowgirls across #Idaho.,2019-07-28 02:52:19,Twitter for iPhone,5,41
Congratulations to my good friend @SenatorCardin he is a great leader and advocate on these very important issues. https://t.co/ZjDYzViDlM,2019-07-26 20:21:53,Twitter for iPhone,4,13
Very concerned about reports of indiscriminate airstrikes by the Assad regime and its Russian backers which have killed scores of civilians in northwest Syria. This escalation is unacceptable and a clear violation of Russia’s ceasefire agreement and international norms.,2019-07-26 19:33:25,Twitter for iPhone,13,18
Proud to support Amb. Kelly Craft’s nomination to be US Ambassador to the UN—she was reported out of @senateforeign 15-7. Looking forward to a quick confirmation vote for her on the Senate floor next week. https://t.co/ieUC6M4QAF,2019-07-25 17:56:48,Twitter for iPhone,4,17
Thanks to @GovernorLittle for stopping by my office yesterday. We had a great discussion about Idaho initiatives we're working on at the state and federal levels and from one (former) governor to another I can confirm he's doing an excellent job. https://t.co/ae1NMFlNLm,2019-07-25 14:00:00,TweetDeck,7,43
It’s #NationalLabDay on Capitol Hill. Appreciated catching up with ⁦@INL⁩ Director Mark Peters and talking about the extraordinary work the INL is doing as the nation’s lead laboratory for nuclear and cyber security research. https://t.co/THLj2OtJ3d,2019-07-24 22:04:39,Twitter for iPhone,4,11
Mark Esper has a history of solid and steady leadership and is highly regarded by Republicans and Democrats alike. @EsperDoD is more than qualified for the post of Secretary of Defense and I congratulate him on his well-deserved confirmation.,2019-07-23 17:24:24,Twitter Web Client,17,73
I’ve been proud to be a part of the effort to bring a women’s business center back to Idaho. The new Idaho Women’s Business Center will provide female entrepreneurs across the state with the resources they need to make their businesses thrive. https://t.co/iheeRIjEc2,2019-07-19 18:29:00,Twitter Web Client,14,33
Thanks to @EnergyGOP's Subcommittee on Water &amp; Power for holding a hearing yesterday on my aquifer recharge bill to benefit Idaho’s water users &amp; restore western aquifers to healthy levels.,2019-07-19 14:11:00,TweetDeck,3,8
Read my op-ed in @IBRnews about how the new Idaho Women’s Business Center will support women entrepreneurs in every corner of the Gem State. https://t.co/N33cZKCUno,2019-07-19 00:51:26,Twitter Web Client,3,12
PASSED IN THE HOUSE: My bill with @SenAngusKing to put our national labs including @INL at the helm of efforts to secure our energy infrastructure from cyberattacks.,2019-07-18 21:15:00,TweetDeck,6,22
Yesterday I was honored by the U.S. Nuclear Industry Council with their Distinguished Leadership Award. I’m proud to advocate for nuclear power initiatives that strengthen @INL &amp; the nation. https://t.co/Jz6BQoAmrQ,2019-07-18 18:01:02,Twitter for iPhone,3,20
Vicki and I are wishing @SenatorIsakson a swift and full recovery. Anyone who knows Johnny will tell you he’s a fighter and I look forward to having him back in fighting condition at @SenateForeign very soon!,2019-07-18 15:42:03,Twitter for iPhone,3,5
.@CBSThisMorning ran a wonderful piece this AM on the Senate Foreign Relations Committee’s hearing coordinator Bertie Bowman. Bertie is an institution in &amp; of himself &amp; the SFRC is made better by his decades of steady leadership. https://t.co/K7JMD54tWz,2019-07-18 15:05:06,Twitter for iPhone,8,18
Hunting &amp; shooting sports are woven into the fabric of Idaho’s history. Today I introduced bipartisan legislation to update the Pittman-Robertson Fund to ensure future generations can carry on this treasured pastime while conserving wildlife. https://t.co/ScSQcbrL9u,2019-07-11 19:53:06,TweetDeck,4,16
There needs to be a change in Saudi conduct going forward. My bipartisan bill will address the tensions between our nations &amp; aims to change their conduct. This would have a very real impact at a time when there are many ideas but few plans. https://t.co/wbzvbNoHIX,2019-07-10 22:09:08,Twitter Web Client,16,27
Had a great conversation with Richard Gere about freedom of religion Tibet and foreign policy challenges in the world. Impressed with his commitment to the issue and his aspiration for the world to understand what’s happening in this region. https://t.co/OuksRC4eE0,2019-07-10 01:18:03,Twitter for iPhone,4,37
I met this morning with Dr. Wendy Moore the Superintendent of the Genesee Joint School District. Thank you Dr. Moore for all the hard work you do on behalf of students and families in the Genesee community. https://t.co/EwCC8NpVOM,2019-07-09 19:40:05,Twitter for iPhone,2,13
Glad the Hong Kong government has said its extradition bill is dead but the bill should be withdrawn in full to give the Hong Kong people the confidence and security they deserve.,2019-07-09 18:11:57,Twitter for iPhone,3,14
I'm proud to name Snake River Grill in Hagerman the Idaho #SmallBiz of the Month. Chef Kirt uses locally-sourced fish game and seasonal ingredients to create unique spins on Idaho classics making Snake River Grill a staple of the Hagerman community for more than two decades.,2019-07-09 15:12:37,Twitter Web Client,8,19
Spoke with @localnews8 on Thursday about the important role @INL plays in cybersecurity. https://t.co/A9DEodvR9D,2019-07-06 20:06:34,Twitter for iPhone,2,11
Stopped by @localnews8 in Idaho Falls yesterday to talk about Iran and the role of the Idaho National Laboratory in cybersecurity. Thanks @KatieKeleherTV for having me. https://t.co/7dYMHXzLrn,2019-07-05 16:47:08,Twitter for iPhone,2,10
Vicki and I celebrating #IndependenceDay with some of Idaho Falls’ finest. https://t.co/J7CIpBTSy1,2019-07-05 03:31:22,Twitter for iPhone,1,20
Vicki and I wish everyone a safe and wonderful 4th of July. Happy #IndependenceDay! https://t.co/3x5pHopyqW,2019-07-04 14:00:01,TweetDeck,10,61
129 years ago today Idaho gained its statehood. Happy birthday to the greatest state in the nation! #Idaho #IdahoBirthday,2019-07-03 14:30:00,TweetDeck,7,44
Small businesses are the backbone of Idaho’s economy which is why I introduced two bipartisan bills this week to facilitate more early stage capital to Idaho #smallbiz and ensure that more federal resources reach start-ups and entrepreneurs throughout the Gem state.,2019-06-28 14:57:00,TweetDeck,3,22
Today I voted to support the FY 2020 #NDAA to modernize our military infrastructure and offer critical assistance to military families all while providing our troops with the largest pay raise in a decade. #SupportOurTroops https://t.co/nLYiy2IYhA,2019-06-27 20:49:18,Twitter Web Client,13,79
Spent the day with students from @uidaho. They had the opportunity to tour the Capitol meet my staff and sit in on my meetings with Idahoans and the @SenateForeign. I commend these students for their hard work and dedication and wish them luck in their future endeavors. https://t.co/9YIDykw8MC,2019-06-26 22:06:56,Twitter Web Client,3,23
We will be scheduling a @SenateForeign committee hearing to discuss AUMF in the weeks after July 4th recess. I commend @SenToddYoung for his dedication to this important issue and as I promised we will have a thorough hearing on this matter. https://t.co/d8ZGVqSIF3,2019-06-25 22:18:07,Twitter Web Client,4,8
Had dinner last night w/@BillGates. Every time I meet w/ him I come away w/ a comfortable feeling that there are people in the world who care deeply about humanitarian issues &amp; raising the standard of living &amp; quality of life for everyone on the planet. Thank you for your vision.,2019-06-25 15:33:35,Twitter Web Client,5,46
The Senate has confirmed @INL's Dr. Rita Baranwal to Asst. Sec. for Nuclear Energy. She's a respected leader in the field driving much of INL's recent cutting-edge work. I'm confident she'll excel in her new role &amp; I congratulate her on this achievement. https://t.co/eLk8DtdKwn,2019-06-20 21:34:28,TweetDeck,2,9
The Idaho Women’s Business Center is coming to Idaho to serve female entrepreneurs &amp; business owners. I’m proud to have worked with the Idaho Hispanic Foundation&amp; @uidaho to make the Idaho WBC a reality. https://t.co/AffnbDfYbj,2019-06-18 15:11:00,TweetDeck,4,11
Glad the Hong Kong government has postponed consideration of its extradition bill - this is a step in the right direction. I congratulate and continue to support the vigilant protestors there and ultimately urge the bill be withdrawn. #HongKongProtest,2019-06-15 14:42:46,Twitter for iPhone,6,23
To people all over the world our stars and stripes are an enduring symbol of freedom liberty and democracy. Happy #FlagDay https://t.co/swt5a0Efx4,2019-06-14 17:00:01,TweetDeck,22,118
Happy birthday to the @USArmy. Thank you for your 244 years of steadfast service to our nation &amp; here’s to many more. #ArmyBDay https://t.co/XRnZgmAcYW,2019-06-14 15:22:21,Twitter Web Client,5,19
Congratulations to Dan Martson a forklift operator from Declo on his Tuesday night @Jeopardy win. Great work representing Idaho Dan. https://t.co/gYhaEirUdl,2019-06-13 17:00:00,TweetDeck,3,15
Thank you @POTUS for approving @GovernorLittle’s federal disaster declaration to provide vital assistance to communities in north central Idaho affected by severe flooding in April. This will greatly aid state &amp; local recovery efforts throughout the region.,2019-06-13 15:11:59,Twitter Web Client,3,30
Congratulations to @MeridianLibrary on being honored today in Washington DC with the @US_IMLS 2019 National Medal for Museum and Library Service an award reserved for museums and libraries providing outstanding service to their communities.,2019-06-12 18:15:00,TweetDeck,12,27
Thank you to @IvankaTrump @SenCapito &amp; @SenatorShaheen for your work on this effort &amp; for today’s discussion about women’s crucial role in securing international peace &amp; security. #WPS https://t.co/mhB9aVBVwr,2019-06-11 20:53:38,Twitter Web Client,139,940
The U.S. has put forward a robust bipartisan strategy to ensure that women throughout the world have a seat at the table when discussing matters of security &amp; defense. https://t.co/gVbKo2OChE,2019-06-11 20:53:37,Twitter Web Client,11,50
It’s proven that women’s presence &amp; empowerment at the negotiation table helps foster stability &amp; peace throughout the world. Women are the backbone of our societies yet in areas of the world experiencing extreme conflict women bear an outsized share of the violence.,2019-06-11 20:53:36,Twitter Web Client,9,33
This summer my DC Idaho Falls &amp; Senate Foreign Relations offices have hired eight talented interns hailing from all across Idaho. This group of interns is well-qualified and I know they'll do a great job serving Idaho.,2019-06-11 15:16:45,Twitter Web Client,3,26
An incredible account from a D-Day veteran from Rexburg. A paratrooper at age 17 he and the rest of the 101st Airborne Division helped secure bridges leading into Normandy. Today he is back in France for #DDay75 https://t.co/tAa2TnEmGr,2019-06-06 16:00:01,TweetDeck,17,45
75 years ago today young men from every corner of our nation stormed the beaches of Normandy. With the eyes of the world upon them they secured one of the most pivotal victories of #WWII. Their stunning courage and sacrifice will never be forgotten. #DDay75 https://t.co/t97FBFeLbQ,2019-06-06 15:00:00,TweetDeck,20,105
Outdoor recreation is a way of life in Idaho &amp; the bipartisan SOAR Act will cut bureaucratic red tape &amp; streamline recreational permitting so that Idahoans can camp hike fish &amp; explore the beautiful terrain our state has to offer. Click to learn more: https://t.co/lGrPclGlzp,2019-06-05 19:05:00,TweetDeck,2,7
Idaho’s dairy farmers keep our state’s economy thriving &amp; go above &amp; beyond providing the country with milk cheeses yogurts &amp; other dairy products. In honor of #NationalDairyMonth thank your local dairy farmer for their hard work &amp; for all they bring to the table.,2019-06-05 16:03:00,TweetDeck,11,34
#OTD 100 years ago the Senate passed the #19thAmendment granting women the right to vote. The pioneers of the suffrage movement fought hard for this fundamental freedom &amp; today we celebrate their inspiring perseverance &amp; grit. https://t.co/iJuMNPOqWj,2019-06-04 19:20:00,TweetDeck,13,44
The Chinese Communist Party chose the path of oppression w/ the 1989 #TiananmenSquare Massacre. They try to hide the truth about this bloody chapter + ongoing acts of repression. The US remembers those who gave their lives in pursuit of freedom &amp; those who still pursue it today. https://t.co/JQcNj0cvyZ,2019-06-04 16:41:52,TweetDeck,6,20
Congratulations to Partner Steel in Pocatello on being named Idaho Small Business of the Month! As a fixture of the Pocatello business community Partner Steel exemplifies what it means to be a great small business.,2019-06-04 14:00:01,TweetDeck,3,16
I condemn Sudanese security forces' violence against protestors in Khartoum. With these actions + their disregard for calls for a swift transition to civilian-led rule the military council will continue to prevent changes to the U.S.-Sudan relationship. https://t.co/H1jedx6dZK,2019-06-04 01:08:35,Twitter Web Client,26,31
Idaho’s very own @indieDwell is on display today at the National Housing Showcase in DC. indieDwell is changing the conversation around #affordablehousing &amp; showing what an affordable energy efficient home made out of shipping containers can do. https://t.co/m7KagKXQJL,2019-06-02 19:02:02,Twitter for iPhone,8,23
Rural forest counties in Idaho rely on #SRS payments to provide vital services. I’m proud to work with @MikeCrapo and @RonWyden to provide these communities with a permanent fix that will allow them to thrive long into the future. https://t.co/Mqxq4ALlB0,2019-05-30 20:33:48,Twitter for iPhone,4,24
Vicki and I were saddened to learn the news about Senator Cochran’s passing this morning. Not only was he a great statesman and senator he was also a man of remarkable integrity. Our prayers are with Senator Cochran’s family friends and the state of Mississippi.,2019-05-30 17:11:01,Twitter for iPhone,4,22
On Memorial Day Vicki and I honor the brave men and women who made the ultimate sacrifice to defend our nation.,2019-05-27 16:00:00,TweetDeck,3,33
Idahoans are fed up by the constant stream of illegal and unwanted #robocalls. That’s why I voted in favor of the #TRACEDAct to stop illegal robocalls and help protect Idahoans from robocall fraud.,2019-05-25 17:00:01,TweetDeck,11,79
Yesterday @RonWyden &amp; I introduced a bipartisan bill to allow biomass collected from federal lands to be considered renewable. In Idaho where nearly two-thirds of our land is owned by the federal government it’s the responsible thing to do.,2019-05-23 19:00:01,TweetDeck,7,17
A big congratulations to Rocky Mountain HS’s rugby team on its national championship win. Great job bringing home the gold to Idaho.,2019-05-23 18:15:00,TweetDeck,1,10
We need to protect our military families by eliminating the Military Widows Tax. It’s simply the right thing to do. #AxeWidowsTax https://t.co/uhKDo1cui9,2019-05-23 17:39:34,TweetDeck,22,38
I'll be live with @HARRISFAULKNER at 11:15am Mountain Time to talk about yesterday's briefing on Iran &amp; other news of the day.,2019-05-22 16:46:54,Twitter Web Client,2,12
Spoke with @nickschifrin on @newshour about today's Senate briefing on Iran. https://t.co/qtBzcIolaE,2019-05-22 00:38:00,TweetDeck,1,1
Today at 6:20pm Mountain Time I'll be speaking with PBS @NewsHour on @IdahoPTV about today's Senate briefing on Iran.,2019-05-21 22:58:04,Twitter Web Client,4,7
I am concerned by reports that the Assad regime &amp; Russia may have perpetrated yet another illegal chemical weapons attack against the Syrian civilian population. Make no mistake the U.S. will not tolerate such despicable acts. https://t.co/47Bwt9tNfh,2019-05-21 22:46:09,Twitter Web Client,18,28
I’m partnering with @RepRussFulcher to introduce legislation to better recharge the Eastern Snake Plain Aquifer for sustainable long-term use by Eastern Idaho’s farmers ranchers &amp; communities. https://t.co/CmfGqx1IEK,2019-05-21 21:26:42,TweetDeck,4,14
Thanks @ACUConservative for honoring me earlier this month with the American Conservative Union’s Award for Conservative Achievement. I’m privileged to serve Idaho &amp; deliver conservative result-oriented legislation. https://t.co/fwjQz4gDkB,2019-05-21 18:45:00,TweetDeck,3,9
.@INL continues to push the boundaries of innovation with its very own space battery that will power the 2020 Mars rover. Read more below: https://t.co/iZBaQy4H2f,2019-05-21 18:00:00,TweetDeck,2,9
Our nation’s vets kept their promise to defend our nation &amp; it’s only right to honor our commitments to them &amp; their families. #MilitaryWidowsTaxEliminationAct #AxeWidowsTax https://t.co/pBRfbjepXu,2019-05-21 17:30:00,TweetDeck,20,46
Thanks @kidnewsradio for having me on. https://t.co/7UpnRIwNSv,2019-05-17 20:13:04,Twitter Web Client,1,5
In a record-breaking economy Idaho ranks number 5 in the nation with its unemployment rate coming in below 3% https://t.co/00kD9n7Y3o,2019-05-17 17:56:25,Twitter Web Client,20,37
China’s continued retaliation against innocent Canadian citizens again shows their disregard for rule of law. I remain deeply concerned about the welfare of Mr. Kovrig &amp; Mr. Spavor &amp; urge the Chinese government to release them immediately- we will continue to follow this closely.,2019-05-16 16:06:00,Twitter for iPhone,5,25
HAPPENING NOW: Tune in to @FoxNews to watch me discuss Iran on @AmericaNewsroom,2019-05-16 15:00:00,TweetDeck,1,2
This morning at 11am Eastern I’ll be speaking with @SandraSmithFox on America’s Newsroom about Iran. Tune into @FoxNews to watch live.,2019-05-16 14:42:20,TweetDeck,7,37
Thanks Leadership Idaho Agriculture for coming by to discuss the importance of agriculture in Idaho and what it means to be the next generation of Idaho’s leaders. https://t.co/991jaaffXh,2019-05-16 01:10:00,TweetDeck,2,10
Today @IWJVbirds honored me with the Conservation Policy Champion Award. Thank you IWJV for your leadership on conservation issues &amp; working to ensure Idaho remains the most beautiful place in the nation. https://t.co/8cEKw62gyM,2019-05-16 00:02:48,Twitter for iPhone,1,18
The creativity at @INL is pretty powerful stuff! Love seeing the EBR-I (which produced electricity for the first time using atomic energy) in #LEGO form!⚛️ https://t.co/iXruzSoLA7,2019-05-15 19:09:02,Twitter Web Client,2,7
A resolution I was proud to cosponsor recognizing National #PoliceWeek just passed the Senate. Thank you #Idaho law enforcement for keeping our communities safe.,2019-05-14 22:21:55,Twitter for iPhone,5,22
To the men and women who serve and protect Idaho happy police week! Thank you for your selfless service and for keeping Idahoans safe. #NationalPoliceWeek,2019-05-14 00:46:08,Twitter Web App,7,31
Great news! On Friday @POTUS signed the Target Practice &amp; Marksmanship Training Support Act to build &amp; maintain shooting ranges. I’ve cosponsored this bill since 2009 &amp; am glad the next generation of sportsmen will continue to take part in one of Idaho’s most treasured pastimes.,2019-05-13 21:06:14,Twitter Web App,31,71
This week I’m partnering with @CongMikeSimpson office to host grant workshops for state &amp; local leaders to learn about federal &amp; state grant opportunities. To register for the events click here: https://t.co/Y2oxwxeMPf https://t.co/rpeKo6Y2pX,2019-05-13 18:20:09,Twitter Web App,13,9
Thank you to Idaho small businesses for all that you do. You are the lifeblood of our communities &amp; you make Idaho a better place. #SmallBusinessWeek,2019-05-10 18:30:00,TweetDeck,11,13
It takes courage to start a small business and in the 3rd quarter of 2017 1429 Idaho startups created 3418 new jobs for Idahoans. #NSBW,2019-05-10 17:00:00,TweetDeck,3,10
I’m proud to name PEET Shoe Dryer of St. Maries Idaho the Senate #smallbiz of the day! Next time you’re in St. Maries make sure to swing by &amp; congratulate @peetdryer on a heck of an achievement! https://t.co/4ukUlTHiBS,2019-05-10 15:34:44,TweetDeck,6,13
Idaho is at the epicenter of job creation with private sector job growth up more than 20% since 2009. Idaho #smallbiz is powering much of that growth. #NSBW https://t.co/5VWaUJKSyp,2019-05-10 14:00:00,TweetDeck,4,7
Vicki &amp; I won the best presentation award for our @IdahoPotato sundae at the @MarchofDimes annual gourmet charity event. We were thrilled to represent Idaho &amp; support an organization that does important work for moms &amp; babies! https://t.co/VKwGbmPNks,2019-05-09 21:40:36,TweetDeck,5,21
With 99.2% of Idaho businesses qualifying as small businesses #smallbiz is a BIG deal in our state. Thank you to our innovative &amp; tenacious entrepreneurs we appreciate all that you do. #NSBW,2019-05-08 17:11:13,Twitter Web Client,25,48
Idaho's #smallbiz owners are also job creators creating nearly 15000 net jobs in 2016 and adding thousands of business startups in our state each year.,2019-05-08 17:11:13,Twitter Web Client,4,13
In Idaho #smallbiz helps our economy thrive. In the third quarter of 2018 Idaho grew at an annual rate of 3.9 percent which was faster than the overall US growth rate of 3.4 percent. #NSBW,2019-05-08 17:11:12,Twitter Web Client,3,4
This week is #NationalSmallBusinessWeek a time to give extra thanks to our incredible small businesses in Idaho &amp; across the country. #NSBW @SBAgov,2019-05-08 17:11:12,Twitter Web Client,3,14
Very excited to have Idaho’s own @jessflynn representing #womeninbusiness as a member of the @NWBC! It was great to congratulate her in person this morning-I know she will represent Idaho well. https://t.co/K7ys732kTv,2019-05-03 19:19:22,Twitter for iPhone,3,22
I enjoyed today’s robust discussion of ways to boost investment opportunities for Idaho’s #smallbusinesses. My full remarks from today’s hearing in Boise: https://t.co/eTSD8b1xIu https://t.co/E8jlzhmftj,2019-05-03 19:16:10,Twitter for iPhone,7,6
Chairing a hearing this morning in Boise to explore ways to encourage #SmallBusiness innovation &amp; start-ups in our great state w/ testimony from @IDTechCouncil @IdahoSBDC @IdahoCommerce @SmallBusinessPE @SBAgov. #InvestinIdaho,2019-05-03 15:26:55,Twitter Web Client,3,11
We advanced nine of @realDonaldTrump's @StateDept nominees in SFRC today. I am especially pleased to move Brian Bulatao for under secretary of State for management and David Schenker for assistant secretary of State for near eastern affairs. Statement: https://t.co/bMOIlxSh3r,2019-05-02 19:16:06,Twitter Web Client,17,33
The humanitarian toll of the Syrian war at the hands of brutal dictator Bashar al-Assad and his supporters in Russia and Iran has been devastating. I convened a hearing on this issue &amp; heard compelling testimony on the real crisis in Syria. My remarks: https://t.co/P1hzIQB7XS,2019-05-02 00:16:52,Twitter for iPhone,17,33
Spoke w/ @BloombergTV about #Venezuela -- Maduro needs to find an exit ramp for his own wellbeing for the good of Venezuela &amp; for the good of the Western Hemisphere. Also discussed sanctions in #Iran #MuslimBrotherhood and my work on Intel Committee. https://t.co/WHjh3K8gpE,2019-05-01 18:52:41,Twitter Web Client,9,17
I was briefed earlier by the administration on the situation in #Venezuela. We continue to support Interim President @jguaido and his constitutional government and urge Maduro to do what is right and step down.,2019-04-30 15:44:31,Twitter for iPhone,365,857
Senator Lugar was a truly good man and colleague. A former chairman of the Senate Foreign Relations Committee he made the world a safer place with his efforts on nuclear nonproliferation. Dick and his family are in Vicki’s and my thoughts and prayers.,2019-04-28 23:26:02,Twitter Web App,6,44
Vicki &amp; I have been fortunate to attend mass at Notre-Dame Cathedral w/ our grandkids &amp; sons over the years. The scene from Paris today is heartbreaking. We pray for the first responders &amp; all others in harm’s way working to end this horrific fire. https://t.co/p60Yt48sIN,2019-04-15 21:28:37,Twitter Web Client,10,53
Congratulations to Jessica Flynn Founder &amp; CEO of Red Sky located in Idaho who was approved to serve on the National Women’s Business Council. I look forward to supporting her efforts on the council to represent and serve Idaho’s women owned businesses. @NWBC @SBAgov,2019-04-12 20:19:46,Twitter Web Client,11,77
HAPPENING NOW: @SecPompeo testifies before Senate #foreignrelations committee on FY 2020 budget. Watch live: https://t.co/Ww0AXZvpZw,2019-04-10 13:22:31,Twitter for iPhone,7,11
ICYMI: Read our joint oped in @nytimes: 'A U.S. Fighter Jet or a Russian Missile System. Not Both' CC: @JimInhofe @SenJackReed @SenatorMenendez. https://t.co/jnn97XW0y3,2019-04-09 16:22:18,Twitter Web Client,17,33
Congrats to @MeridianLibrary! Their recognition as a finalist for the 'National Medal for Museum and Library Service' is well-deserved. https://t.co/tcPjjNlJAK,2019-04-08 19:21:39,Twitter Web Client,5,14
⁦.@DOIDepSec⁩ Bernhardt brings a wealth of experience and knowledge to the job and will be ready to hit the ground running on day one. I look forward to voting yes on his nomination. https://t.co/ZUByfCCjyT,2019-04-05 12:05:05,Twitter for iPhone,5,10
Enjoyed speaking to leaders in the semiconductor industry – like Idaho’s Micron - about building a skilled workforce &amp; protecting the intellectual property of semiconductor members across the globe. https://t.co/RLfkaMHxdK,2019-04-04 15:00:18,Twitter for iPhone,4,18
Read @SenatorShaheen’s and my op-ed in @thehill celebrating @NATO’s 70th anniversary. https://t.co/dqsGNYWjm7 https://t.co/ApbXk99aLv,2019-04-04 13:35:54,Twitter for iPhone,5,12
...arbitrary detention of two Canadian citizens. This resolution makes it all the more clear that we stand by our friends in Canada unfailingly.,2019-04-03 22:04:05,Twitter Web Client,1,12
We also advanced a noteworthy resolution commending our friend &amp; ally Canada for upholding the rule of law in response to the US’ extradition request of a Huawei executive &amp; expressing concern about the Chinese government’s actions in response including the continued...,2019-04-03 22:04:05,Twitter Web Client,2,12
I am particularly pleased to see the NATO resolution that I coauthored with a bipartisan group of colleagues advance to the Senate floor. As we will tomorrow mark the 70th anniversary of the alliance it is an excellent time to affirm our commitment to NATO and our allies.,2019-04-03 22:04:04,Twitter Web Client,2,4
The committee moved General John Abizaid &amp; Ambassador Matthew Tueller one step closer to confirmation. We badly need their representation in Saudi Arabia &amp; Iraq respectively and I am glad that we have moved them forward.,2019-04-03 22:04:04,Twitter Web Client,4,4
I am pleased that our committee was able to come together today and vote out a sizable number of @realDonaldTrump's nominees as well as 7 very important resolutions. We made great strides in staffing up the @StateDept. Full statement: https://t.co/yCSedrB9JZ,2019-04-03 22:04:04,Twitter Web Client,8,19
"Looking back and remembering the accomplishments of NATO is important. NATO remains the preeminent political-military alliance in the world. Together we worked to defeat the Soviet Union and usher in decades of peace and prosperity for Europe.",2019-04-03 15:42:34,Twitter Web Client,2,3
"Former Soviet-bloc countries clamored for NATO membership not only protection against Russia but for the economic strength that membership could foster. U.S. trade with our fellow NATO members remains key to our economy.",2019-04-03 15:41:32,Twitter Web Client,1,4
"NATO has proven not only to be a military success but a political and economic one. For its members NATO’s security umbrella has provided the kind of stable environment necessary for economic growth and investment.",2019-04-03 15:41:31,Twitter Web Client,1,2
For 70 years "NATO has remained an important piece of the framework that supports our collective security." https://t.co/pv63R1sqnY,2019-04-03 15:41:30,Twitter Web Client,1,1
ICYMI: On @NATO's 70th anniversary Risch delivers opening remarks at hearing: NATO at 70: A Strategic Partnership for the 21st Century. https://t.co/pv63R1sqnY,2019-04-03 14:31:23,Twitter Web Client,1,9
HAPPENING NOW: Risch chairs full committee hearing on NATO at 70: A Strategic Partnership for the 21st Century. Watch live:   https://t.co/cMYtfV3nca,2019-04-02 18:30:16,Twitter for iPhone,3,8
Incredible work done at @SBAgov under @SBALinda's leadership. I’m proud to have partnered with her on lasting solutions for our #smallbiz community as former chair of the @smallbizcmte. Thank you Linda for helping boost optimism &amp; success for entrepreneurs.,2019-04-01 13:36:45,Twitter Web Client,3,17
As Cuban &amp; Russian forces work to embolden Maduro making a bad situation potentially much worse it’s more important than ever to share the message that the American people continue to stand with the Guiados &amp; the people of Venezuela. (2/2),2019-03-28 14:20:19,Twitter Web Client,8,15
It was a privilege to meet with First Lady Guaido &amp; to share with her our support for her husband as the legitimate president of #Venezuela. (1/2) https://t.co/MCAXGgNGZG,2019-03-28 14:20:18,Twitter Web Client,7,28
RELEASE: Two bills cosponsored by Risch to enhance cybersecurity resources for small businesses &amp; increase Congressional oversight of the SBA passed the @SmallBizCmte today. https://t.co/zTd1FncNYK,2019-03-27 20:37:05,Twitter Web Client,6,16
To correct the record we’ve had lengthy negotiations w/ minority to move noms forward. It’s past time to do so &amp; I look forward to working w/ the ranking member in a cooperative way to move a number forward at a business meeting in the coming days. https://t.co/PfQXyZ61xV,2019-03-27 18:32:46,Twitter Web Client,6,13
The socialist principles espoused in the #GreenNewDeal are absurd &amp; unrealistic and would bankrupt the country. We all want to be good stewards for our natural resources &amp; environment but this proposal was not serious practically doable nor would it achieve that goal.,2019-03-26 21:31:12,Twitter Web Client,12,52
Finally Special Counsel Robert Mueller deserves recognition for conducting a straightforward investigation into Russia’s attempted interference in our elections despite the magnifying glass he worked under over the past two years.,2019-03-25 00:19:13,Twitter Web Client,4,37
All of this has been a deliberate distraction &amp; the charade has gone on long enough. It’s time for our nation to come together &amp; move forward as one. With the conclusion of this investigation I hope the Democrats will join us in doing so.,2019-03-25 00:19:13,Twitter Web Client,7,35
Over the past two years Democrats and many in the national media have made horrible claims against @realDonaldTrump have questioned his loyalty to our country &amp; have consistently assured the American people of his guilt. They were wrong.,2019-03-25 00:17:25,Twitter Web Client,10,26
For me there was no news in Mueller’s report. We have reviewed thousands of documents including dozens of witness statements throughout the intel committee’s investigation &amp; I reached the same conclusion as Mueller: @realDonaldTrump did not collude with the Russians.,2019-03-25 00:16:20,Twitter Web Client,20,71
Idaho’s wolf management has served as a model for others to follow. Common sense has finally prevailed when it comes to delisting gray wolves &amp; putting management back in states' hands. https://t.co/UtVNLKzUt1,2019-03-15 15:38:59,Twitter Web Client,13,27
On #NationalAgDay @SenatorBaldwin &amp; I introduced legislation standing up for America’s dairy farmers. Many products use dairy’s good name but aren’t subjected to the same FDA standards &amp; requirements as our dairy farmers. It’s time to change that. https://t.co/HjfaYomNMN,2019-03-14 18:46:01,Twitter Web Client,4,10
HAPPENING NOW: Chairman Risch delivers opening remarks at full committee hearing: A New Approach for an Era of U.S.-China Competition. Watch live: https://t.co/XzsLv7qzw5,2019-03-13 14:26:13,Twitter Web Client,4,6
The Reclamation Title Transfer Act will streamline the process for non-federal entities like irrigation districts to obtain the title for Reclamation projects they already operate and have repaid. More than two-thirds of Reclamation assets are operated by these entities.,2019-03-12 23:06:34,Twitter for iPhone,3,14
GREAT NEWS: President @realdonaldtrump has signed the #landspackage into law including my #titletransfer act &amp; positive reforms for Idaho sportsmen&amp;women. https://t.co/yDKt2KgqgS,2019-03-12 23:01:52,Twitter for iPhone,8,24
Thanks to the @Boisestate_FCI for holding town hall meeting this weekend at @boisestatelive. Although there were a wide diversity of views and some disagreements the best part of the entire event was the fact that it was 100% civil. https://t.co/ZNScLBzhy8,2019-03-11 21:01:39,Twitter for iPhone,5,17
Made remarks to @AmFreeSyria sharing my concern over devastation wrought by brutal dictator Assad. I supported S.1 which authorizes sanctions against his regime + Russian &amp; Iranian backers for atrocities against civilians. I urge my House colleagues to swiftly do the same. https://t.co/sT4T6y3a3Z,2019-03-07 18:33:23,Twitter for iPhone,32,60
Enjoyed talking to @chrisevans about NATO &amp; why it is so important. The news of this political-military alliance shocked him since he missed the 70 years after WWII. #CaptainAmerica https://t.co/g9q3cYnqKr,2019-03-05 18:26:23,Twitter for iPhone,315,5049
Beware Beijing A Hawk is Circling via ⁦@intpolicydigest⁩  https://t.co/k6T8ZBFy6I,2019-03-02 20:57:41,Twitter for iPhone,7,16
Enjoyed meeting w/ Idahoans in town to discuss global health issues like AIDS malaria and TB. #StepUpTheFight https://t.co/k8xqDtYsAB,2019-02-27 17:58:54,Twitter for iPhone,22,52
HAPPENING SOON: At 10:15 a.m. ET the Senate Foreign Relations Committee will hold a hearing on the Role of the United States in the World. Watch live here: https://t.co/XzsLv7qzw5,2019-02-27 15:09:34,Twitter for iPhone,6,16
Just left an in-depth briefing on #Venezuela w/ @VP Pence. He reported the situation on the ground &amp; his conversations w/ President @jguaido. He reaffirmed there is no change in our policy-we stand w/ Guaido &amp; the Venezuelan people who need our support now more than ever.,2019-02-26 21:23:13,Twitter Web Client,13,37
Tomorrow at 10:15 a.m. ET the Senate Foreign Relations Committee will hold a hearing on the Role of the United States in the World. Watch live here: https://t.co/r6ba1kGrBJ,2019-02-26 16:02:36,Twitter Web Client,4,7
Allowing a human to suffer and die on a medical table without intervention is not who we are as Americans. It’s unconscionable that the #BornAliveAct failed the Senate but my resolve to defend a baby's right to life is only strengthened. https://t.co/0tNTtPYfOq,2019-02-26 15:41:19,Twitter Web Client,14,53
Enjoyed my conversation w/ business leaders &amp; the @BoiseChamber today. Working hard for the business community in DC on @smallbizcmte! https://t.co/vLFkAfj0up,2019-02-21 21:27:58,Twitter for iPhone,2,15
Thx for having me on today @kevinmillershow. Enjoyed our talk about gov't shutdowns (and why they are not good for our country) foreign policy and my work in DC. https://t.co/DlFwRRXcXy,2019-02-07 22:04:28,Twitter Web Client,3,13
It was an honor to join @IvankaTrump at the White House today to kick-off the #WGDP initiative to invest in and empower women across the globe. Women &amp; girls are the backbone of our societies but are still denied opportunities- this will help change that. https://t.co/iC1gasN6bU,2019-02-07 22:01:57,Twitter Web Client,6,36
Good job on the floor @SenSasse - I’m glad to cosponsor your bill to protect #bornaliveabortionsurvivors &amp; hope it will see a vote.,2019-02-05 00:06:38,Twitter for iPhone,13,46
Risch Statement on Withdrawal from INF Treaty: https://t.co/MV2mUjX9wz,2019-02-01 14:36:56,Twitter for iPhone,9,24
Enjoyed meeting with William Barr this week - he will do well as Attorney General and I look forward to supporting him. https://t.co/kzKM8KuHZG,2019-01-30 22:35:43,Twitter Web Client,7,33
https://t.co/C9gNQK6Gr1,2019-01-30 21:51:03,Twitter Web Client,7,16
The United States stands squarely behind Interim President Juan Guaido. Today w/ members of his administration my colleagues &amp; I committed our full support to see that the transition is accomplished as smoothly as possible. We are ready to assist in any way we can. https://t.co/oedfnNMhDN,2019-01-30 21:47:08,Twitter for iPhone,54,182
I applaud @TheJusticeDept &amp; @USTreasury on their action on Huawei. (2/2),2019-01-29 17:55:54,Twitter Web Client,5,16
I hope China will take notice: its illicit behavior has consequences. We will not sit idly by while China conducts covert &amp; overt theft of American ideas &amp; property. I will keep fighting until Idaho’s #Micron sees justice for brazen IP theft. (1/2) https://t.co/MQwC3NdXfC,2019-01-29 17:55:54,Twitter Web Client,13,39
@ColorFiend I have consistently co-sponsored legislation to permanently end government shutdowns. Read about it here: https://t.co/gTEi71PS8I,2019-01-25 21:01:23,Twitter Web Client,0,3
Government shutdowns are never the answer so I will of course support the President's proposal to open the government while negotiations continue but over the next 3 weeks I will continue to advocate for sufficient security measures &amp; a wall along our southern border.,2019-01-25 20:36:28,Twitter Web Client,30,141
Risch Column: A Continued Voice for Idaho Small Businesses https://t.co/q335wmtVLj,2019-01-22 20:38:08,Twitter Web Client,4,15
Thank you for the kind words Mr. President. @realDonaldTrump https://t.co/A7YuqthUQr,2019-01-21 16:39:23,Twitter for iPhone,5,48
