Today is the day!   On #SmallBusinessSaturday show Idaho’s small businesses you care by buying local getting take-out writing a review or saying thank you for all that they do to make our communities thrive. #SupportLocalGems https://t.co/0xvuRLgTuM,2020-11-28 16:00:01,TweetDeck,13,58
Tomorrow you can #SupportLocalGems by:   #SmallBusinessSaturday https://t.co/lWHTKiWjAM,2020-11-27 20:00:00,TweetDeck,7,36
Tomorrow is #SmallBusinessSaturday.  Idaho’s small business owners need our help. Tomorrow #SupportLocalGems &amp; show your favorite locally-owned business you care by safely shopping in-person or online. https://t.co/HfmPOwJo9a,2020-11-27 17:03:07,Twitter for iPhone,8,28
As #NativeAmericanHeritageMonth comes to a close we celebrate the culture of Idaho’s Native communities who enrich the quality and character of our great state. https://t.co/tCYtXyeNvI,2020-11-27 14:00:01,TweetDeck,3,21
Happy Thanksgiving to all. https://t.co/Gqvs1pFqcY,2020-11-26 19:03:55,Twitter Media Studio,5,40
Despite this year’s challenges we have a lot to be thankful for in the United States.   From my family to yours Happy #Thanksgiving &amp; God bless! https://t.co/pT2kXOfdn0,2020-11-26 16:00:13,Twitter Web App,7,53
Idaho’s small businesses still need our help.    On #SmallBusinessSaturday let’s come together to #SupportLocalGems. https://t.co/wRKT6Vw6jM,2020-11-25 17:00:03,Twitter Web App,11,54
.@SBAPacificNW's Jeremy Field is right. Our holiday spending – at whatever level our budget can afford – collectively makes a difference.  https://t.co/ZiG5B4dFmt,2020-11-25 14:51:13,Twitter Web App,3,9
A reminder to #SupportLocalGems this Holiday Season. https://t.co/CgH6wLAYnG,2020-11-24 20:04:04,Twitter Web App,8,31
Advanced Ceramic Fibers in Idaho Falls is a leader in American innovation. I’m pleased to recognize Dr. Garnier and the Advanced Ceramic Fibers team as the #Idaho #SmallBusiness of the Month for November. https://t.co/zV4q7T63YV,2020-11-23 19:02:45,Twitter Web App,2,28
Brave. Dedicated. Selfless.   Today let’s pause to thank &amp; honor Idaho’s public health workers – they need our support now more than ever. #PHTYD https://t.co/ZhYFfDgxVM,2020-11-23 15:46:31,Twitter Web App,8,60
https://t.co/mvZPD6pD9X,2020-11-20 14:55:57,Twitter Web App,3,29
Had the opportunity to sit down with @KTVBJoe &amp; update him on #OperationWarpSpeed.  Multiple vaccines are in their final stages &amp; a network of distributors is being organized — the American recovery is around the corner.  #idpol https://t.co/cZHoIYbEb5,2020-11-19 23:29:12,Twitter for iPhone,3,44
More good news for @INL:   This announcement demonstrates just how important the Lab is to the future of #nuclear #energy. Having the VTR at @INL will allow American companies to perform nuclear testing here in the U.S. – another step toward energy independence. #idpol https://t.co/PyEHtAQBiH,2020-11-19 18:58:01,Twitter Web App,2,15
Congratulations to @ENERGY on launching the #Cybersecurity Manufacturing Innovation Institute at @UTSA.    @INL will lead the institute’s control systems cybersecurity efforts developing technologies to protect American industry from cyberattacks. https://t.co/kgCIRwfF9b,2020-11-19 17:37:35,Twitter Web App,7,22
Idaho’s providers &amp; residents understand the health care challenges that rural communities face – they overcome them every day. Never underestimate the #PowerOfRural.  Happy #NationalRuralHealthDay! @NOSORH https://t.co/snqWbIkFj2,2020-11-19 14:45:02,Twitter Web App,2,9
What we are seeing with #OperationWarpSpeed is nothing short of historic. The private-public partnerships this administration has formed are a testament to the ingenuity and efficiency of American industry.  https://t.co/VqlHYTHh7u,2020-11-18 21:34:53,Twitter for iPhone,2,30
This is a perfect example of what I’m talking about.   #CCP threats and coercion of other nations are unacceptable and not the way we do business. The United States stands with our allies.  https://t.co/k7vpOOZ1u3,2020-11-18 18:39:50,Twitter Web App,54,84
Just wrapped up my discussion with @TomTugendhat &amp; @DavidMcAllister on confronting #China. Together the U.S. &amp; Europe must:   ✅ Protect intellectual property ✅ Maintain international norms ✅ Hold the #CCP accountable   We must keep #China in check.   https://t.co/N9hMbPwxUC,2020-11-18 17:23:35,Twitter Web App,585,668
.@SaintAlsHealth’s Festival of Trees kicks off tomorrow and this year it’s all virtual.   Find out how you can still enjoy this beloved Boise holiday tradition from home. ⬇️  https://t.co/e46OdvtKjr,2020-11-18 15:19:50,Twitter Web App,3,4
Vicki &amp; my prayers are with Senator Grassley &amp; his wife Barbara during this uncertain time. We wish you a swift &amp; full recovery &amp; look forward to seeing you back in action soon. https://t.co/dx1uQrUypD,2020-11-18 00:44:21,Twitter for iPhone,5,45
“A well-educated prepared workforce – one that also includes highly-skilled veterans – is critical to maintaining U.S. leadership in scientific discovery and innovation.”   Great piece from @SecBrouillette. #STEM #Veterans https://t.co/Vcf90MNBzr,2020-11-17 19:43:40,Twitter Web App,4,14
Tomorrow I will be discussing my report on U.S.-European cooperation on #China LIVE with my counterparts in the U.K. and EU.     RSVP to the live event ⬇ https://t.co/NWdhUNPNP2,2020-11-17 18:12:19,Twitter Web App,3,19
Idaho is blessed to have some of the finest hiking trails in the United States. On #TakeAHikeDay lace up your boots &amp; find a trail by you.   https://t.co/e4UcAZ66FB,2020-11-17 14:17:27,Twitter Web App,6,41
Congratulations on a successful launch @NASA @SpaceX! Follow the #CrewDragon journey here ⬇ https://t.co/zMHPvQt1nT,2020-11-16 17:32:21,Twitter Web App,8,30
I see it’s that time of year again @kevinmillershow.   Kevin will be outside Walmart in Nampa all week collecting food donations for @BoiseRescue – stop by say hello &amp; help support a family in need. #MillersMission  https://t.co/fToEDI78ZM,2020-11-16 14:38:52,Twitter Web App,6,25
Well done @boyscouts &amp; @JustServe!  https://t.co/tqneHs9ZVc,2020-11-14 18:00:00,TweetDeck,2,17
Great news for @ISPHeadquarters.   This grant will provide Idaho’s law enforcement with new technology to help close longstanding cold cases &amp; bring offenders to justice.  https://t.co/pYnm2Jjc6m,2020-11-13 15:24:21,Twitter Web App,5,30
Congratulations to Idaho Sewing for Sports in Grangeville on being named the Idaho #SmallBusiness of the Month!   Recently ISS began producing PPE for hospitals throughout Idaho – another example of how #smallbiz &amp; community go hand-in-hand in #Idaho.  https://t.co/3xh54LNTO3,2020-11-12 18:36:14,Twitter Web App,1,19
It’s true – #smallbusiness is the backbone of Idaho’s economy.   As a senior member of @SenateSmallBiz I will continue fighting to give Idaho businesses the tools they need to get through this unprecedented time.     https://t.co/t6mVfuYYPx,2020-11-12 14:56:44,Twitter Web App,7,21
I'm humbled to stand alongside @GovernorLittle Idaho's military leaders &amp; @RedCrossIdaho to honor our brave men &amp; women in uniform.  We are the home of the free because of the brave. https://t.co/VeMpV2qGNO,2020-11-11 20:28:26,Twitter Web App,8,91
Words cannot capture the courage and selflessness of our men and women in uniform.   This #VeteransDay thank you to the more than 120000 Idahoans who have served our great country. https://t.co/PzT2QtxHQS,2020-11-11 17:00:00,TweetDeck,28,215
Happy 245th birthday to the Always Faithful @USMC.   To the men &amp; women who have served – past &amp; present – thank you for your service. #USMC245  #SemperFi #Marines https://t.co/Tn2VLO1rke,2020-11-10 17:50:50,Twitter Web App,13,67
Congratulations @uidaho.    And as always – Go Vandals!   https://t.co/jPrjDaJJEZ,2020-11-10 14:43:40,Twitter Web App,5,23
Unemployment is down. Jobs are up. Our economy is making a comeback.   ✅ 250000+ Hospitality Jobs ✅ 200000+ Prof. Services Jobs ✅ 75000+ Manufacturing Jobs  https://t.co/MQsGEFZeCk,2020-11-06 15:10:28,Twitter Web App,6,35
Congratulations John! https://t.co/Ygh8DtYi8O,2020-11-05 19:48:32,Twitter Web App,7,28
IDAHO FAMILIES:   Tomorrow is the application deadline for @GovernorLittle &amp; @IDSBOE’s Strong Families Strong Students program. See if your family is eligible for up to $3500 in education assistance here. ⬇️   https://t.co/PqO43N5ZuX,2020-11-05 18:34:48,Twitter Web App,3,9
To every Idahoan who voted early or on Election Day – thank you for exercising your constitutional right.  https://t.co/OYIWl6Jhv8,2020-11-05 15:06:29,Twitter Web App,9,58
Happy Election Day! If you haven’t done so already make sure to exercise your constitutional right and go #VOTE.   Check your polling location here ⬇  https://t.co/FzWr2RRlAX,2020-11-03 14:30:06,Twitter Web App,16,90
Idaho is uniquely positioned to be a world leader in #cybersecurity #education and workforce development. I commend @GovernorLittle for his commitment to this important endeavor &amp; for pursuing initiatives like @CyberStartUSA.   Learn more here ⬇️ https://t.co/3l5EKAts8P,2020-11-02 20:03:18,Twitter Web App,4,28
National Veterans #SmallBusiness Week is the perfect time to reflect on the accomplishments of the hundreds of veteran-owned small businesses here in Idaho.   This week support our community’s veterans by shopping at a locally-owned #VetBiz. https://t.co/dFNVmADtcd,2020-11-02 17:38:57,Twitter Web App,7,29
November is #MilitaryFamilyMonth.    Thank you to the 1000+ active military families in Idaho &amp; all military families around the country for the role you play in keeping America safe! https://t.co/rrg2W84n7A,2020-11-02 15:09:37,Twitter Web App,6,36
Always good to be up North.  I had a great visit in Lewiston where I met with local community members &amp; business leaders about issues affecting North Idaho. Good seeing you @GovernorLittle! https://t.co/JhgZEvnr2P,2020-11-01 16:29:42,Twitter Web App,2,51
Today is the final day of @IdahoFoodBank’s Feed the Need campaign to help support vulnerable Idaho families through the holiday season. Find the donation drop-off center nearest you: ⬇️  https://t.co/mmgXPLTyj1,2020-10-31 15:10:44,Twitter Web App,11,28
Congratulations! https://t.co/1QjtCwjbah,2020-10-30 17:53:43,Twitter Web App,2,19
Since 2001 @MikeCDAPress has helped make @CdAPressNews one of the most trusted news sources in the Pacific NW.   Congratulations to Mike on being named @cdachamber's Citizen of the Year – an all-around great guy!  https://t.co/k3mIahJEiK,2020-10-30 16:08:42,Twitter Web App,5,17
In September I named Trinity at City Beach in Sandpoint as the Idaho Small Business of the Month. Yesterday I was pleased to present them with a Congressional Record Statement to recognize them for their work.   Congratulations @TrinityCuisine! https://t.co/sjWdufkYtQ,2020-10-30 13:43:57,Twitter Web App,5,35
Water is the lifeblood of Idaho’s #ag communities.   In addition to uncovering new information on our waterways this grant will support education &amp; workforce development in Southeast Idaho. Congratulations @IdahoStateU!  https://t.co/HaaodFUJaa,2020-10-29 17:31:52,Twitter Web App,5,13
#PPP worked.    In FY20 @SBA granted 9 million loans to small businesses. #Smallbusiness access to capital is crucial to a strong economic recovery.  https://t.co/FbIkM2sUAO,2020-10-29 13:56:31,Twitter Web App,5,11
I’m honored to have received the Friend of Farm Bureau award from @IDFarmBureau.   As a longstanding member of the Farm Bureau I am proud to support the Gem State’s #ag producers &amp; will continue to work for Idaho’s farmers &amp; ranchers. #idpol https://t.co/vWuhHbZuYd,2020-10-28 16:36:56,Twitter Web App,3,35
Today we honor the first responders who serve &amp; protect our communities. Happy #NationalFirstRespondersDay &amp; thank you for your service! https://t.co/Garzhy2Ixv,2020-10-28 13:59:14,Twitter Web App,5,31
#NavyDay is about service.    Thank you to our Naval servicemen &amp; women for the pivotal role they play in keeping America safe. https://t.co/EzQIHzWgpK,2020-10-27 16:31:26,Twitter Web App,11,33
https://t.co/C6B0AqzTXU,2020-10-27 13:45:25,Twitter Web App,2,16
Throughout her confirmation process Judge Barrett consistently impressed the Senate &amp; the American people with her sterling credentials and exceptional legal skills &amp; acumen.  Last night I was proud to cast my vote to confirm Judge Barrett to the U.S. Supreme Court.,2020-10-27 13:45:25,Twitter Web App,7,63
Deeply respected. Highly qualified.   The Senate has confirmed Judge Amy Coney Barrett to the U.S. Supreme Court. Congratulations Justice Barrett! #ConfirmACB https://t.co/gt80wyzBhN,2020-10-27 00:12:11,Twitter Media Studio,341,3363
It’s almost time.   #ConfirmACB https://t.co/Y51ha4fiPu,2020-10-26 19:59:15,Twitter Web App,37,255
Today the Senate will vote to confirm Judge Amy Coney Barrett as an Associate Justice of the Supreme Court.   I’m proud to be a part of this historic moment &amp; I look forward to casting my vote to #ConfirmACB.,2020-10-26 14:00:32,Twitter Web App,133,953
We are one step closer to confirming Amy Coney Barrett to the Supreme Court – history in the making. #ConfirmACB https://t.co/ufPsPYXt5i,2020-10-23 19:48:08,TweetDeck,61,348
During #NationalBusinessWomensWeek I could not be prouder of the work being done in Idaho to advance &amp; sustain our many women-owned businesses.  Because of resources like @IdahoWBC the Gem State is one of the friendliest places for women-led small business. #NBWW https://t.co/RjL5fdkByd,2020-10-23 16:59:14,Twitter Web App,4,25
This week my staff delivered letters to Fairview Elementary in Bonneville &amp; Beutler Middle School in Dayton congratulating them on being named Blue Ribbon Schools by @usedgov.   Congratulations &amp; keep up the good work! https://t.co/yIll24714W,2020-10-23 13:38:07,Twitter Web App,2,21
Judge Barrett is an exceptional jurist.    Her legal acumen speaks for itself &amp; I look forward to casting my vote to #ConfirmACB to the Supreme Court. https://t.co/pwAqZt5NlO,2020-10-22 16:20:23,Twitter Web App,19,73
https://t.co/i4AEfq23Gr,2020-10-22 14:32:29,Twitter Web App,4,14
Any attempt by a foreign government to influence the outcome of an American election is not only illegal – it’s a direct threat to our democracy.    Iran &amp; Russia will be held accountable.  https://t.co/cTuDdnkIJH,2020-10-22 13:54:43,Twitter Web App,7,34
JUST ANNOUNCED: @CommerceGov has awarded a $1.2M grant to the College of Eastern Idaho to build a career &amp; technical education facility in Idaho Falls.   This funding will help equip Idahoans with advanced skills to secure in-demand jobs with local and national employers alike.,2020-10-21 19:28:11,Twitter Web App,7,43
Senate R’s targeted COVID-19 relief legislation would have:   ✅ Protected Small Businesses ✅ Funded Schools &amp; Childcare Facilities ✅ Stabilized Unemployment Insurance   Idahoans need this relief. I will keep working to get small businesses &amp; families the assistance they need.,2020-10-21 17:53:48,Twitter Web App,11,23
Idaho families could be eligible for up to $3500 in education assistance through @GovernorLittle &amp; @IDSBOE’s “Strong Families Strong Students” initiative.   To see if you’re eligible &amp; to apply visit https://t.co/qla2Km8AEd. https://t.co/jSIGNP6H2s,2020-10-21 14:16:17,Twitter Web App,3,10
Last year I worked with @SBA to bring a Women’s Business Center to Idaho.   Today @IdahoWBC opens a brand-new location in Idaho Falls to serve women #smallbiz owners across Eastern Idaho. https://t.co/PETCW75BAs,2020-10-20 17:31:50,Twitter Media Studio,3,21
Foreign adversaries are actively working to infiltrate our nation’s electric grid.  The @INL is a world leader in #cybersecurity research with the capabilities to ensure bad actors like these are unsuccessful in their attempts to disrupt our way of life.  https://t.co/soT3f83A6w,2020-10-20 15:46:39,Twitter Web App,32,59
Learn more here: https://t.co/Y9klLwfbY3,2020-10-20 14:15:23,Twitter Web App,1,7
Idaho’s timber industry contributes over $2B to our state’s economy &amp; provides 31000+ jobs.   This National #ForestProductsWeek thank you to the foresters loggers truck drivers mill workers &amp; others who manage harvest &amp; process this renewable resource that we use every day. https://t.co/NAKSCQqJT1,2020-10-20 14:15:23,Twitter Web App,15,60
Today I named Advanced Ceramic Fibers in Idaho Falls the Idaho #SmallBusiness of the Month. They are a great example of small business-driven innovation right here in Idaho.  https://t.co/jidbI5FrHu,2020-10-19 20:02:35,Twitter Web App,2,15
It’s #NuclearScienceWeek! I’m honored to represent the @INL our nation’s flagship #nuclear energy laboratory.   For 70 years the lab has embodied the traits that built our nation: scientific achievement the pursuit of knowledge and curiosity. #idpol https://t.co/z9d7IZzTs3,2020-10-19 17:12:36,Twitter Web App,8,35
This week I met with Emma in Pocatello on the @IdahoStateU campus. Emma is a remarkable young woman with a strong passion for helping her struggling peers – something we can all learn from.   https://t.co/uq6tVXbf4h,2020-10-17 15:00:00,TweetDeck,3,20
From research to row crops Idaho agriculture feeds the world.   On #WorldFoodDay our farmers and ranchers can be proud of the important role they play in America &amp; around the world.  https://t.co/9gcnuMXjKG,2020-10-16 15:00:02,TweetDeck,5,31
Great catching up with @nateshelman in the @KBOI670 studio yesterday. We covered a lot of ground and had a good time doing it. Thanks for having me! https://t.co/nFF32eFs6z,2020-10-15 17:28:02,Twitter Web App,3,19
.@ENERGY researchers won 38 of 100 @RD100awards in 2020 validating the critical role our national labs play in technological innovation. As co-chair of the Senate National Laboratories Caucus I’m proud to advocate for these institutions including the talented team at @INL. #STEM,2020-10-14 16:51:37,Twitter Web App,1,16
Had a great day in Pocatello yesterday meeting with local business leaders &amp; the community’s veterans about issues affecting the people of SE Idaho. #idpol https://t.co/F1468VTPUr,2020-10-14 13:34:23,Twitter Web App,2,50
In August I named Maag Prescription &amp; Medical Supply the Idaho Small Business of the Month.   Today I presented them with the Congressional Record Statement of recognition.  Congratulations &amp; thank you for 70 years of service to Southeast Idaho! https://t.co/WLwHysAnu6,2020-10-13 20:30:40,Twitter Web App,3,24
Monday was #NationalFarmersDay.  Friday is #WorldFoodDay. Today thank Idaho’s #ag community for feeding the world. https://t.co/T1YInhm4xP,2020-10-13 18:02:57,Twitter Media Studio,18,90
In 1775 the U.S. Navy was founded with only two ships &amp; 80 crew members.   Today it is one of the most respected branches of military in the world. Happy 245th birthday to @USNavy! #Navy245 https://t.co/dS2fjzsvOO,2020-10-13 13:43:12,Twitter Web App,12,38
I have every confidence that the Senate will confirm Judge Amy Coney Barrett to the Supreme Court.    Watch my full interview with @TeamCavuto this morning here: https://t.co/3HFoPbWeep,2020-10-10 17:58:45,Twitter Media Studio,15,71
🚨PAYCHECK PROTECTION PROGRAM UPDATE🚨:  Today @SBA &amp; @USTreasury released a simpler loan forgiveness application for #PPP loans of $50000 or less.   See the instructions for completing the application here: https://t.co/mmQf29j2T8,2020-10-09 18:05:34,Twitter Web App,2,7
As @INL expands its capabilities it only further solidifies itself as a leader in innovation in America.  https://t.co/BOrS7sYi3L,2020-10-09 13:55:39,Twitter Web App,6,29
I was honored to speak at REDI’s inaugural What’s Up Eastern Idaho! virtual event about the role of #smallbiz farmers &amp; the @INL in Eastern Idaho’s success.   Eastern Idaho is growing rapidly &amp; it was a pleasure engaging with local businesses &amp; community members. https://t.co/cc8uYpFKDc,2020-10-08 17:09:05,Twitter Web App,5,21
Thanks to a grant from @USDOL the Idaho Workforce Development Council &amp; @IdahoBusinessEd have announced their plans for a statewide apprenticeship program.  This initiative will give Idaho’s young people more opportunities for success.  https://t.co/AIQ94zLoIa,2020-10-08 15:33:11,Twitter Web App,9,15
We need a strategy to protect Americans from future pandemics. That’s why I’m working w/ @SenatorCardin and my Foreign Relations colleagues on bipartisan legislation to prevent a pandemic like this one from ever happening again. https://t.co/y3AujHSl8G,2020-10-07 16:33:50,Twitter Web App,16,62
In #Idaho higher education &amp; community go hand in hand.   I am proud of @MakeAWish_Idaho &amp; @BroncoSports for adapting to today’s challenges and continuing to serve our community.   https://t.co/CkKr53hz3B,2020-10-07 13:40:13,Twitter Web App,2,15
New from @IRSnews: Thanks to the Tax Cuts &amp; Jobs Act middle-class families have paid substantially less in taxes.  Signed into law three years ago Republican-led tax reform has helped American workers keep more of their hard-earned dollars.  https://t.co/BlJd2M9EJg,2020-10-06 19:00:01,TweetDeck,3,11
ATTENTION IDAHOANS:  The IRS has extended the deadline to register for an Economic Impact Payment to Nov 21st. If you do not file a federal income tax return you can register to receive your stimulus check here:   https://t.co/9wlUQKKd39,2020-10-06 16:00:01,TweetDeck,3,7
A great event in Nampa yesterday honoring Idaho’s women veterans.   Thank you to these women and all service members for the sacrifices you make to keep America safe. https://t.co/bITGHvbukC,2020-10-06 14:10:53,Twitter Web App,5,21
I am pleased to see the Administration counter #China’s attempts to control the mineral supply chain.  Idaho's vast cobalt &amp; rare earth deposits poise our state to be a leader in creating jobs &amp; furthering the United States’ goal of energy independence.   https://t.co/1FqLIvaE9I,2020-10-05 20:00:01,TweetDeck,500,521
Great feature from @KPVI on the August 2020 Idaho Small Business of the Month Maag Prescription &amp; Medical Supply! https://t.co/6hEOj52lm5,2020-10-05 18:35:13,Twitter Web App,2,8
An absolutely gorgeous shot of McCall during one of the most beautiful times of year in #Idaho! https://t.co/CO7Wy33mkE,2020-10-05 17:31:28,Twitter Web App,5,43
Happy #WorldTeachersDay to the teachers who work tirelessly to educate Idaho’s students.    Facing challenges never seen before these educators embody the resilience of the American people – God bless you. https://t.co/pRZGGZZBHJ,2020-10-05 13:47:50,Twitter Web App,3,17
October is #BreastCancerAwarenessMonth.   This month &amp; all year we remember those lost to this disease celebrate the survivors &amp; pray for those who are fighting. https://t.co/3C8yOYr1vf,2020-10-03 15:00:00,TweetDeck,7,35
Congratulations to @IdahoStateU on the grand opening of the Eams Advanced Technical Education &amp; Innovations Complex.   The facility’s construction was made possible in part by a $2.3M grant from @US_EDA. Congratulations!  https://t.co/njZx3A2jYJ,2020-10-02 21:00:00,TweetDeck,4,22
Vicki and my prayers are with the President and First Lady and all Americans and Idahoans who have been impacted by COVID-19. Hoping they make a swift and full recovery.,2020-10-02 16:31:32,Twitter for iPhone,13,81
I’m proud that @uidaho and @SimplotCompany have partnered with @FeedtheFuture to share Idaho's unparalleled expertise in potato cultivation to drive agriculture-led growth &amp; to end hunger around the world.  Idahoans can be proud of their role in this life saving program. https://t.co/StmnMbD3Vk,2020-10-01 20:31:04,Twitter Web App,7,20
Always a pleasure to catch up &amp; talk about #humanrights in #Tibet with my good friend Richard Gere.    Hopefully we will be reunited in person soon! https://t.co/8FtugZfMDN,2020-10-01 18:30:00,TweetDeck,13,75
A heartwarming story from @CdAPressNews.  Thank you to Kenny Moore of Hayden Idaho for his decades of faithful service to our country.  https://t.co/bpGj4i1MU9,2020-10-01 16:00:00,TweetDeck,2,8
Congratulations to Idahoans Luke &amp; Miranda Caldwell on being named National #AdoptionAngels2020! I was proud to honor them at @CCAInstitute's virtual gala last night.  @LukeCaldwell of @HGTV’s #BoiseBoys has used his platform to share how adoption has grown their loving family. https://t.co/0DEhPtUV8P,2020-10-01 14:14:32,Twitter Web App,6,67
Judge Barrett’s credentials are impressive &amp; her legal acumen was evident in my discussion w/ her. Her respect for &amp; defense of the Constitution makes her an exceptional nominee to serve on the Supreme Court.  Read my entire statement here: https://t.co/Mac8ViQ4EM https://t.co/zNIOEnWPrK,2020-09-30 18:43:37,Twitter Web App,97,333
Today kicks off @IdSBOE’s Virtual College Fair. For more info &amp; to register for the event visit the @nextstepsidaho website: https://t.co/G9rgVpJfel.   https://t.co/v9HQLOkwSI,2020-09-29 14:25:42,Twitter Web App,6,19
In just a few short months #China has:   ✅ Voided Hong Kong’s autonomy  ✅ Expanded internment of Uyghur Muslims ✅ Denied the #CCP’s role in the spread of COVID-19   Read my entire op-ed from @CdAPressNews below: https://t.co/dcvyNSdDH0,2020-09-28 13:56:54,Twitter Web App,1278,1402
Congratulations to Judge Amy Coney Barrett for this high honor. Judge Barrett has a reputation as an exemplary jurist and Constitutionalist and I look forward to meeting with her to learn more about her judicial philosophy. https://t.co/swgtBgy5rs,2020-09-27 02:26:57,Twitter Web App,457,2488
Idahoans have passed down the traditions of hunting and fishing for generations. They’re pastimes I was lucky enough to share with my own kids. Happy National Hunting and Fishing Day to Idaho’s sportsmen &amp; women. https://t.co/idkja5Kwu5,2020-09-26 15:00:02,TweetDeck,17,80
Congratulations to the teachers staff &amp; students at Fairview Elementary in Idaho Falls &amp; Beutler Middle School in Dayton on being recognized as National Blue Ribbon Schools! #idpol @IdahoSDE   https://t.co/rVi2DRv47V,2020-09-25 18:33:28,Twitter Web App,4,16
Water is the lifeblood of agricultural communities and the backbone of vital industries throughout the West.   I was proud to introduce legislation to reduce red tape surrounding Western water resources and am pleased to see its implementation in Idaho.  https://t.co/VlkJBwvbu4,2020-09-25 13:40:06,Twitter Web App,8,29
Without additional relief millions of small businesses will face permanent closure in the coming months.  Today I led a letter w/ @MarcoRubio &amp; @SenJoniErnst urging Congressional Leadership to pass additional #PPP funding ASAP.  https://t.co/MVmsOgixGP,2020-09-24 22:20:41,Twitter Web App,14,46
Congratulations to the men &amp; women who were honored at the inaugural @cdachamber Public Safety Awards!     Thank you to Idaho’s law enforcement officers &amp; first responders for helping keep our communities safe.  #idpol  https://t.co/BNsiVQGTCz,2020-09-24 17:30:40,Twitter Web App,1,14
.@CSIEagles &amp; @IDigLearning have launched a free program to help teachers &amp; parents adjust to online learning.   For more information see this article by @twinfallstn:  https://t.co/c3767IWlBp,2020-09-24 15:18:02,Twitter Web App,1,6
Idaho’s small businesses are the engine that powers our state’s economy.   This year’s National Small Business Week I’d like to recognize the resilience and courage of small businesses throughout the Gem State. https://t.co/Sk3PHm7BB2,2020-09-23 22:46:21,Twitter Media Studio,10,22
Yesterday I joined @SteveDaines in asking Congressional Leadership to take up wildfire &amp; forest management legislation this year.   We need to reform forest policies before this wildfire season becomes the standard.   https://t.co/nEYng5xfwE,2020-09-23 22:00:00,TweetDeck,6,29
The Versatile Test Reactor would:  ✅ Establish a testing facility in the US ✅ Create jobs in Idaho at the @INL ✅ Expand research and development of innovative #nuclear #energy   This is a crucial step in moving forward with the project.,2020-09-23 17:29:42,Twitter Web App,2,20
Important announcement from @ENERGY:  https://t.co/uhXPo2Rlfh,2020-09-23 17:29:41,Twitter Web App,2,14
Vicki &amp; I offer our sincerest condolences to the family of the pilot lost in this tragedy.    Putting their lives in danger daily this is a humbling reminder of the risks our first responders take to keep our communities safe from wildfires. https://t.co/NlXQalpjbj,2020-09-23 13:41:22,Twitter Web App,6,26
Access to broadband is critical for starting and growing a business.   Glad to introduce legislation w/ @SenatorShaheen that will help rural Idaho businesses access broadband &amp; bridge the #digitaldivide.   https://t.co/KzuBBwpXOc,2020-09-22 21:00:00,TweetDeck,5,23
Farmers &amp; ranchers have worked tirelessly this year to provide for the American people. Now is not the time to strip away their safety net. Support for agriculture has long been bipartisan and should not be held as a bargaining chip. #idpol @FarmBureau @BeefUSA,2020-09-22 18:53:25,Twitter Web App,31,115
Small businesses are the backbone of our economy.   I’m fighting for Idaho’s small businesses to help us recapture our incredible economic strength. https://t.co/wd5zXzh9b4,2020-09-22 16:38:25,Twitter Media Studio,33,91
Tomorrow kicks off @SBA National Small Business Week. Hosting virtual conferences all week this event is a great resource for Idaho’s small business owners.  To learn more &amp; register your small business visit the SBA’s website: https://t.co/avQtoMdd95,2020-09-21 13:53:51,Twitter Web App,7,19
A great piece from @andybochman that demonstrates why @INL is a world leader in cybersecurity and energy research to make our electric grid and critical infrastructure more resilient. Read more below:  https://t.co/FNcFGOmrsm,2020-09-19 19:13:16,Twitter Web App,6,34
My statement on the passing of Justice Ruth Bader Ginsberg.   https://t.co/onQfexpFMo,2020-09-19 17:17:02,Twitter Web App,6,21
Thank you @realDonaldTrump &amp; @SecretarySonny for extending the Coronavirus Food Assistance Program 2 to Idaho commodities like wheat &amp; mink while improving support for our potatoes dairy &amp; beef. CFAP 2 opens Monday--to apply visit https://t.co/TQEQv1PHft.,2020-09-18 19:00:01,TweetDeck,4,16
Using #Huawei solar inverters on our electric grid would leave us vulnerable to surveillance &amp; interference from the Chinese gov't.  Last year I sent @FERC a letter urging them to deny Beijing the opportunity to meddle with US energy supply. https://t.co/G2GeqSjupN @INL @SEL_News,2020-09-18 15:45:17,Twitter Web App,669,675
With wildfires burning hotter faster and more frequently than ever before our overworked frontline firefighting teams need backup from our allies.  https://t.co/kDzO4z2wOC,2020-09-18 13:05:02,TweetDeck,5,31
ATTENTION IDAHOANS: If you do not file a federal income tax return you may still be eligible to claim an Economic Impact Payment. To see if you are eligible visit the IRS website and keep an eye out for mail from the Internal Revenue Service.   https://t.co/23bQbLPm3h,2020-09-17 19:52:15,Twitter Web App,3,4
Interested in living &amp; working in Washington DC?   My office is currently accepting applications for Spring 2021 internships through Nov 1st. If you are interested in gaining valuable experience on Capitol Hill visit my website: https://t.co/k77bOXYZe6,2020-09-17 15:50:11,Twitter Web App,2,8
Congratulations to Trinity at City Beach in Sandpoint on being named the Idaho Small Business of the Month! Founded in 2009 @TrinityCuisine serves authentic creole cuisine and has been a staple of the Sandpoint community for more than a decade.   https://t.co/s3lAWnb72U,2020-09-17 13:33:47,Twitter Web App,1,22
Wildfires are devastating the West &amp; the communities that live here. The bipartisan Emergency Wildfire and Public Safety Act will help manage our public lands &amp; prevent the 2020 fire season from becoming the new normal. https://t.co/XpzSaea0xP,2020-09-16 23:02:00,Twitter Media Studio,14,38
Honored to receive an "A" rating from @SBAList on their National Pro-Life Scorecard.   The most basic right we have is the right to life and we must never stop working to protect the unborn. #ProLife https://t.co/M2cA08YCLq,2020-09-16 20:00:00,TweetDeck,44,83
Governors come and go but Claudia has been a fixture in the Idaho Governor’s office through five administrations – including my own! Congratulations Claudia on 25 great years of service and thank you for all you’ve done for Idaho. https://t.co/5ToWdaOsEo,2020-09-16 18:02:22,Twitter Web App,5,56
National Public Lands Day is the largest single-day volunteer effort to restore our public lands. @BLMIdaho invites Idahoans to participate in-person or virtually to help keep Idaho beautiful.   Find details to participate here: https://t.co/nQeE0c6IXq,2020-09-16 14:31:09,Twitter Web App,3,11
After nearly a year of being held prisoner in #China I am pleased to announce Jeff Harper has returned to Meridian and has been reunited with his fiancée Victoria. I am glad to have worked with @StateDept to help make this happen.  Welcome home Jeff!  https://t.co/435mplqurN,2020-09-15 23:07:59,Twitter for iPhone,9,49
It is a historic day for peace in the Middle East. Proud to join @POTUS at the @WhiteHouse today as #Israel #UAE &amp; #Bahrain chart a path to a more stable &amp; peaceful future. https://t.co/IyL7GcbNvK,2020-09-15 17:23:53,Twitter for iPhone,96,277
The Idaho Women’s Business Center is providing tools to help women-owned businesses create sustainable successful business strategies that can take even the toughest blows. See how @IdahoWBC is helping small businesses navigate these uncertain times.  https://t.co/GAFeWGM6mB,2020-09-15 14:00:01,TweetDeck,6,19
Vicki and I are praying for Idahoans and our western neighbors who have been evacuated due to wildfires. Stay vigilant and stay safe. https://t.co/C3SJSddTQY,2020-09-13 22:42:32,Twitter Web App,7,35
19 years ago I stood in my living room in Boise &amp; watched in shock as the Twin Towers collapsed. Today we remember the thousands who lost their lives in the #September11 terror attacks &amp; the first responders who gave their health &amp; safety to rescue the survivors. #NeverForget https://t.co/POmb0FfhlM,2020-09-11 14:00:45,Twitter Web App,48,203
Senate R’s COVID relief package would have provided targeted assistance to Idaho’s workers families &amp; businesses experiencing the greatest need. I’m disappointed our Democrat colleagues have declined this opportunity to help struggling Americans.  https://t.co/W5RqI7Ce8e,2020-09-10 22:09:05,Twitter Web App,5,22
Idaho has a proven track record in species recovery. Glad to partner with @SenatorEnzi to move this important legislation forward &amp; return management decisions back to our states. Read more here: https://t.co/SWxW7bBsFq. https://t.co/x2bQofWdJk,2020-09-10 15:37:45,Twitter Web App,4,11
Thank you to the firefighters and first responders keeping our families animals and homes safe. As wildfires continue to burn across Idaho it’s important to have a disaster preparedness plan. For resources to prepare and protect your loved ones visit https://t.co/4pNE3wNChR.,2020-09-09 14:30:00,TweetDeck,9,31
Since Vicki and I first toured the @INL in 1975 the Lab has become an unparalleled leader in nuclear energy and national security. Sign up to explore the Lab’s world-class facilities located right here in the Gem State. https://t.co/2182ltcmKJ,2020-09-08 20:09:59,Twitter Web App,3,13
Happy Labor Day! Thank you to Idaho’s essential workers who have worked hard throughout the pandemic to keep the power on the water running and our grocery shelves stocked. All of Idaho is deeply grateful and may God bless you and keep you safe.,2020-09-07 16:00:02,TweetDeck,5,51
Recently I had the opportunity to sit down with the Executive Director &amp; Statewide Outreach Director at the Idaho Women’s Business Center. The @IdahoWBC is a great resource for Idaho's women small business owners working to achieve their entrepreneurial goals. https://t.co/6DnPm1PZik,2020-09-05 19:00:00,TweetDeck,5,25
Honored to accept the Defender of Housing award from the National Association of Home Builders. As Idaho grows Idaho's home builders have stepped up to meet increased demand and I'm proud to support their hard work in the U.S. Senate. @NAHBhome https://t.co/70R508anAt,2020-09-04 01:05:00,TweetDeck,3,34
Idaho’s wheat farmers have been hit hard by COVID-19 which is why @MikeCrapo &amp; I joined a bipartisan group of Senators calling on @USDA to extend #CARES Act assistance to our wheat growers. Read more here: https://t.co/66al6ydC0n,2020-09-03 18:17:07,Twitter Web App,9,18
Rita @DOE_NE1 is right. With rising competition from Russia &amp; China America must remain the world leader on #nuclear energy. The @INL is the epicenter of nuclear innovation aimed at strengthening U.S. economic environmental &amp; national security. https://t.co/T6lL7qy6Gb,2020-09-03 15:00:21,Twitter Web App,5,14
September is Suicide Prevention Month. It's crucial to #BeThere for the men &amp; women who have bravely served our country. If you or a veteran you know is struggling with mental health contact the Veterans Crisis line at 1-800-8255. For more info visit https://t.co/FMiaaqkIa9.,2020-09-01 19:00:00,TweetDeck,4,16
An important milestone for @NuScale_Power &amp; its revolutionary small modular reactor design. The first SMR will be built at @INL providing Idaho jobs &amp; advancing the Lab’s nuclear research mission. I applaud @NRCgov on their work to make this groundbreaking design a reality. https://t.co/1n5XUwz6Cc,2020-08-28 20:22:25,Twitter Web App,10,28
Taiwan's decision to begin lifting restrictions on imports of US ag products like Idaho beef is a big step in US-Taiwan relationship. I strongly support exploring a free trade agreement w/ #Taiwan &amp; reaching more markets w/ high-quality products from Idaho.https://t.co/ZQQv6kID4x,2020-08-28 11:47:45,Twitter Web App,55,235
Happy birthday to @NatlParkService! Since 1916 the National Park Service has preserved our country’s public lands for generations to enjoy. Thank you to all NPS employees for your important work! https://t.co/dRVEw1Bzmf,2020-08-25 18:56:00,Twitter Web App,6,40
Air quality continues to be an issue here in Idaho as smoke blows in from across the West. For information on Idaho’s air quality index fire maps fire preparedness resources and more visit https://t.co/4pNE3x5dGr.,2020-08-24 19:00:01,TweetDeck,10,17
Had a great visit with the Bonneville County Sheriff’s office on Thursday to learn about their program to train police officers how to successfully handle and deescalate mental health situations. They do a great service to the community and I thank them. https://t.co/koyl1xIBh6,2020-08-22 19:00:00,TweetDeck,5,25
Idaho Small Business of the Month Maag Prescription &amp; Medical Supply is celebrating 70 years of serving the Pocatello community. Congratulations to the Maag family and their employees and keep up the good work!  https://t.co/Sjy0T6BNqD,2020-08-22 16:00:00,TweetDeck,2,17
Via @EastIDNews: We asked Sen. Risch about COVID the USPS 2 eastern Idahoans detained in China and who’s going to win the election. #idpol @NateNewsNow  https://t.co/3UsWZJ4ojL,2020-08-21 16:20:09,Twitter Web App,5,11
Thank you @Dr_Mark_Peters! The @INL has thrived under your superior leadership and Vicki and I wish you nothing but the best as you begin your newest role with @Battelle. https://t.co/5fjbO7JRnc,2020-08-20 18:41:02,Twitter for iPhone,4,22
China is the single most significant threat facing the United States and we must act swiftly to protect our sovereignty and push back against China’s increasingly dangerous conduct. Read my full op-ed on the threat of a belligerent China here: https://t.co/RipWObBTzh,2020-08-19 18:20:12,Twitter Web App,505,542
Happy #NationalPotatoDay! Here in Idaho we know a thing or two about spuds. This National Potato Day enjoy a world-famous @IdahoPotato grown right here in the Gem State. https://t.co/2gt4FPJnTR,2020-08-19 15:00:01,TweetDeck,15,70
After more than three years of exhaustive investigation the Senate Intelligence Committee’s bipartisan Russia investigation found no evidence that the Trump campaign colluded with the Russian government to influence the 2016 election. More here: https://t.co/6QwGuEOzGI,2020-08-18 17:48:00,Twitter Web App,139,259
100 years ago the #19thAmendment was ratified granting women the right to vote. One century later we celebrate this hard-fought victory and the trailblazing women who made American history. https://t.co/lAA6wHrgxg,2020-08-18 15:15:00,TweetDeck,21,91
Congratulations to @CSIEagles President Jeff Fox on his well-deserved retirement. It was an honor presenting him with a Congressional Record Statement with @CongMikeSimpson. President Fox has been a great leader over the years and he leaves CSI is in good hands with Dr. Fisher. https://t.co/BwQCaahey9,2020-08-13 23:05:00,TweetDeck,5,32
Great day working out of my Twin Falls office and making stops around the Magic Valley. https://t.co/98MRGaM253,2020-08-13 20:50:18,TweetDeck,6,56
Welcome home Guardsmen!   https://t.co/3o7DD53i4n,2020-08-10 13:52:46,Twitter Web App,4,19
On this #PurpleHeartDay we remember the courageous men &amp; women who were wounded or killed serving our country. Today – and every day – we thank them for the sacrifices they have made. #WeSaluteYou https://t.co/EKNrY6piOw,2020-08-07 17:00:01,TweetDeck,7,33
Had a great discussion about the leading role @INL is playing in #cybersecurity at Wednesday’s @EnergyGOP hearing. Thank you to Mr. Gates &amp; @DOE_CESER for their continued support of the Idaho #NationalLab. Hear what else I had to say here: https://t.co/NdUK1Rk03R https://t.co/Nd6ltYFTcl,2020-08-07 15:48:04,TweetDeck,7,31
Enjoyed sitting down to discuss my bill the STRATEGIC Act which is a blueprint for U.S.-China competition for years to come. It is critical we safeguard U.S. interests where #China is concerned. Read the full story at the @SpokesmanReview. https://t.co/b0s37jh2Lk,2020-08-06 20:10:21,Twitter Web App,11,29
Thank you to the more than 13000 Idahoans who joined me for my tele-town hall last night. I appreciated all of your thoughtful questions and am grateful for the honor of serving you and your families in the U.S. Senate. https://t.co/ux7eXEt5xN,2020-08-05 22:06:22,Twitter Web App,4,53
Congratulations to @ENERGY’s newest Deputy Secretary Mark Menezes. Mark will be a great partner to the @INL and Idaho’s energy producers as we continue to advance America’s energy dominance. https://t.co/24YjGYL8Xs,2020-08-04 17:40:02,Twitter Web App,4,19
Happy Birthday to @USCG! Founded 230 years ago the Coast Guard has worked to protect America’s interests in our nation’s vital waterways and shorelines. Thank you for your service to our country! https://t.co/N8IRfhWbtb,2020-08-04 14:00:01,TweetDeck,9,30
Every year the majority of U.S. wildfires are caused by humans. With fire season upon us in Idaho it’s important for families to be prepared. For air quality info fire preparedness resources and more visit https://t.co/4pNE3x5dGr. https://t.co/cAQd0EZvya,2020-08-04 13:56:05,Twitter Web App,5,21
Congratulations on a successful launch this morning! In 7 months @NASAPersevere will roam the Red Planet using a power system developed by the talented team at @INL. Way to make Idaho proud! #CountdownToMars #INLProud #PoweringPerseverance https://t.co/Mvzusi1AQl,2020-07-30 16:34:17,Twitter Web App,4,28
A heartfelt thank you to the Coeur d'Alene Rotary for having me this past weekend. The importance of the work you're doing in the #CDA community especially during these difficult times cannot be overstated. Via @CdAPressNews  https://t.co/kHfD23jc9i,2020-07-28 18:52:32,Twitter Web App,2,14
Attention Idahoans: If you have received unsolicited packages of seeds do not open or plant them. Instead contact the Idaho office of @USDA_APHIS at (208) 373-1600. https://t.co/PLLAuFZOwB,2020-07-28 16:04:14,Twitter Web App,55,58
Thanks to former National Security Advisor Hadley for your kind words about my bill the STRATEGIC Act. Your input on US-China relations is invaluable &amp; I appreciate your advice as we guide US-China legislation for years to come. https://t.co/6RQzfEE0gA,2020-07-28 00:36:00,TweetDeck,6,27
Allies can now partner with the U.S. in their development of peaceful energy resources great news for the advanced civilian #nuclear technologies being developed at Idaho’s own @INL! #idpol https://t.co/efGJBLYyAz,2020-07-24 18:23:27,Twitter Web App,2,23
Sen. Risch: New federal stimulus package will be 'much more focused than the last time' https://t.co/MdXMuDoGrn via @KTVB,2020-07-24 15:53:33,Twitter Web App,2,8
New on @FT: China continues to flout international norms. My bill the STRATEGIC Act lays out our long-term strategy to rein in #China.  https://t.co/bpcafwHteM,2020-07-24 01:00:00,TweetDeck,0,11
Today @MikeCrapo and I voted in favor of the FY 2021 #NDAA to ensure that U.S. forces are equipped to defend against imminent threats and secure the safety of our democracy. https://t.co/FutwItPK0E,2020-07-23 22:43:18,Twitter for iPhone,1879,7319
Exceptional work from @IdahoBusinessEd a Boise-based non-profit working to ensure all children have equal access to education &amp; technology. By providing laptops to students throughout Idaho Idaho Business for Education is helping to #CloseTheDivide  https://t.co/EzcBtHKeLn,2020-07-22 20:49:05,Twitter for iPhone,0,6
Today I introduced the first comprehensive legislation to put us on a stronger path to compete with #China. The STRATEGIC Act will provide tough but fair new measures to safeguard our interests &amp; sustain US leadership for decades to come. @SenateForeign https://t.co/88PLMRWnyt,2020-07-22 19:23:24,Twitter Web App,431,467
On July 20 1969 the crew of the Apollo 11 spacecraft made history and stepped foot on the moon. Fifty-one years later America continues to be a leader in #STEM breakthroughs that are changing the world. https://t.co/eBftkpKwsf,2020-07-20 16:14:12,Twitter Web App,7,22
A great story today from my good friend Captain America &amp;  @ASP founder @ChrisEvans and a hero big brother who saved his sister from a dog attack. Bridger there's no doubt you make the Great State of Wyoming proud. @SenJohnBarrasso https://t.co/og6UYEB99Y,2020-07-17 17:28:37,Twitter Web App,22,47
Today’s final rule from @FERC rightfully modernizes outdated #PURPA regulations to give states more flexibility &amp; promote the development of renewable energy while helping Idahoans keep more of their hard-earned cash.  https://t.co/keJE3G4xOD https://t.co/jR2dOxvxev,2020-07-16 21:38:41,Twitter Web App,4,20
Congrats to @marcom_llc in Idaho Falls on receiving @ENERGY’s Small Business of the Year award. MarCom is a Native American &amp; woman-owned #smallbiz that serves as a shining example of the successes Idaho’s businesses are achieving for our country. https://t.co/Kaxin9Yvva,2020-07-15 18:53:57,Twitter Web App,6,31
Thanks to Dr. Howard for her years of dedication to public service and education and condolences to her family. https://t.co/rgRgWMclCN,2020-07-14 01:08:36,Twitter for iPhone,4,18
Here in Idaho the long-term impacts of the #COVID19 pandemic continue to reverberate throughout farming communities. But even amid this crisis we have seen inspiring acts of kindness from farmers and ranchers across the state. #StillFarming https://t.co/voh97aAivT,2020-07-11 15:06:00,TweetDeck,25,50
Mentorships are a proven tool for #smallbiz success. @SCOREmentors is now offering free advice workshops and resources to help Idaho’s small businesses navigate #COVID19. https://t.co/yywBnP7k5C,2020-07-10 16:17:55,Twitter Web App,5,12
I'm glad to see the @USDA's decision to revise the Coronavirus Food Assistance Program to better address the needs of the potato industry. #IdahoPotatoes https://t.co/BoME4jK9jg https://t.co/adoJLIBH08,2020-07-09 22:03:10,Twitter Web App,5,15
Today’s announcement from @CISAgov is important &amp; timely. Right here in Idaho the @INL has been a key player in our national efforts to identify vulnerabilities in our industrial control systems &amp; protect our critical infrastructure from catastrophic cyberattacks. https://t.co/XyHuANoJwt,2020-07-07 20:56:42,Twitter for iPhone,10,25
Nuclear electricity was first demonstrated at the @INL in 1951 and helped power our national ascent. #Nuclear must be a key part of our national energy strategy to leave future generations a world that is safer cleaner and more prosperous. https://t.co/dywmgrojUG,2020-07-06 16:35:04,Twitter Web App,6,28
Happy #IndependenceDay! The sacrifice courage and determination of those who led us to freedom so long ago and those who continue to protect it today must not be forgotten or taken for granted. Vicki and I wish you and your family a happy and safe 4th of July. https://t.co/RzHkxWzktl,2020-07-04 15:02:00,Twitter Media Studio,10,40
Happy 130th birthday to the State of Idaho. Today we celebrate the Gem State’s 130 years as a member of the United States of America. #ID130 https://t.co/91YMuXWvzq,2020-07-03 15:02:00,Twitter Media Studio,29,125
I'm proud to introduce the Treating Tribes and Counties as Good Neighbors Act with @RepRussFulcher to fully extend GNA to Tribes and Counties &amp; improve forest health. Thank you to @GovernorLittle @NCAI1944 &amp; many others for their support. #ReadyforWildfire https://t.co/YALdRfIxk5,2020-07-02 18:29:38,Twitter Web App,5,10
Canada remains one of Idaho’s greatest partners in trade &amp; commerce. Happy #CanadaDay to our neighbors north of the border! https://t.co/P8nIw5PMCH,2020-07-01 18:02:57,Twitter Web App,7,42
The #USMCA goes into effect today &amp; will open new markets for commodities like dairy products while providing much needed certainty for other Idaho industries. https://t.co/GgP0jNRLz4,2020-07-01 15:59:03,Twitter Web App,71,191
TOMORROW is the last day to apply for a fall internship in my DC office. Visit my website to learn more:  https://t.co/k77bOXYZe6,2020-06-30 21:40:37,Twitter Web App,3,9
Had a great time sitting down with the interns in my DC office this afternoon. This is a talented group of students &amp; I'm glad to have them on board. https://t.co/F83tJ9Dyaq,2020-06-30 21:40:35,Twitter Web App,3,39
Farmers keep food on our tables in good times and bad. Now Idaho’s farmers need our support. #StillFarming #OpEd   https://t.co/AEe9nKfRnQ,2020-06-30 19:45:00,TweetDeck,11,39
This is an important move from the @FCC to protect our communications from interference by U.S. foreign adversaries like the #CCP. https://t.co/RKIkt33XE1,2020-06-30 18:15:17,Twitter Web App,1131,1213
Huawei’s links to the Chinese Communist Party pose an indisputable threat to US national security. Innovative solutions to challenge China’s #5G dominance &amp; protect our telecomm equipment from foreign intrusion are being demonstrated right here in Idaho. https://t.co/ZoOC09mwYM,2020-06-30 00:31:00,TweetDeck,635,720
Idaho is once again being rightfully recognized as one of the best places in the nation to establish a small business. https://t.co/BnJ0m204nd via @kpvi,2020-06-26 19:10:37,Twitter Web App,20,34
Responsible forest management is the best way to guard against wildfire &amp; conserve wildlife. I'm proud to introduce legislation w/ @SteveDaines @MikeCrapo &amp; @SenKevinCramer to help restore Idaho forest health &amp; productivity. https://t.co/HcvFXbnVRr,2020-06-25 19:25:09,Twitter Web App,8,14
Today marks a truly historic achievement. The U.S. Senate just confirmed the 200th judge of this administration ensuring a strong &amp; independent judiciary to uphold our Constitution &amp; defend the rights of individuals for decades to come. https://t.co/Zw9NaKnzLW,2020-06-24 17:00:12,Twitter Web App,8,36
In today’s digital landscape it’s never too early for kids to begin developing good #cybersecurity habits. New from @WSJ: How to Teach Kids to Use Passwords.   https://t.co/nqsPZcpLpH,2020-06-23 15:26:41,Twitter for iPhone,13,24
Since the 1990s China has been stealing &amp; exporting American taxpayer-funded research &amp; IP back to Mainland China for its own economic &amp; military gain.  The Safeguarding American Innovation Act will put an end to this blatant theft. https://t.co/1dqdf1c5EZ,2020-06-19 15:02:00,TweetDeck,566,603
Prepare your family and home to be #ReadyForWildfire. For up-to-date fire air quality and safety information visit my website. https://t.co/4pNE3x5dGr,2020-06-18 15:00:00,TweetDeck,8,10
Today in @twinfallstn: @INL's "ongoing research in critical infrastructure &amp; nuclear energy is making our country safer &amp; stronger today &amp; positioning us to be even more competitive &amp; resilient as we address the challenges of tomorrow." Thanks @SecBrouillette for your support! https://t.co/Rn3zfaqVaJ,2020-06-18 14:33:34,Twitter Web App,9,16
I am proud to join my friend and colleague @SenatorTimScott in introducing the #JUSTICEAct. Enacting comprehensive reform to reshape police procedures and training is the first step to protecting the rights of all individuals. https://t.co/gHSqZ4F4eH,2020-06-18 01:04:00,Twitter Web App,35,123
Last week I wrote to @USTreasury and @SBAgov requesting a streamlined #PPP forgiveness application for small borrowers. The newly introduced EZ application will make it simpler for Idaho's small businesses to receive loan relief.  https://t.co/ddJOJA0On2,2020-06-17 22:03:00,TweetDeck,3,15
Congrats to @uidaho on launching the state’s first ever bachelor’s degree in #cybersecurity. Idaho’s Universities are making strides in preparing the next generation to thrive in this field &amp; to support #smallbiz &amp; industry leaders like @INL &amp; @SEL_News. https://t.co/8CcMDifPWq,2020-06-17 15:06:15,Twitter Web App,19,63
The #PaycheckProtectionProgram has provided a lifeline to small businesses across Idaho during #COVID19. On Friday @MikeCrapo and I asked @USTreasury &amp; @SBAgov to simplify the PPP loan forgiveness application. https://t.co/0Has32BuSV,2020-06-15 16:29:51,Twitter Web App,19,18
There's no question – the #PPP has been instrumental in protecting jobs &amp; livelihoods for America's small businesses &amp; their tens of millions of employees. Thanks @TeamCavuto for having me on. https://t.co/UfMNtzr6Cp,2020-06-11 00:05:00,Twitter Web App,4,17
I’m speaking with @TeamCavuto live in 5. Tune in on @FoxNews. https://t.co/AOfe4T1jOZ,2020-06-10 20:08:44,Twitter for iPhone,5,23
.@INL's newest supercomputer Sawtooth is helping in the fight against #COVID19. Read more about it here. ⬇️ https://t.co/XnjT7P0uBP,2020-06-09 20:32:06,Twitter Web App,3,21
Tonight I met with 400+ members of the @IDNationalGuard. These men and women represent the very best of what our state has to offer and their commitment to protecting lives and preserving peace during this difficult time is humbling. https://t.co/MKTudxRJSL,2020-06-09 01:05:06,Twitter Web App,44,134
Idaho is the 3rd largest dairy producing state in the country. During #NationalDairyMonth thank a dairy farmer by enjoying some milk cheese or even some ice cream made right here in Idaho. https://t.co/V2cb5mhgeJ,2020-06-08 19:03:00,TweetDeck,10,48
On June 6 1944 Allied soldiers stormed the beaches of Normandy securing one of the most pivotal military victories in all of human history. 76 years later we honor their stunning bravery and sacrifice. #DDay76 https://t.co/Uh2JdofBmW,2020-06-06 14:30:00,TweetDeck,16,61
Today's #JobsReport is hopeful news for businesses and workers across Idaho. https://t.co/Sv9kdFPzHj,2020-06-05 15:05:06,Twitter Web App,13,41
Yesterday the Senate passed legislation to make the #PaycheckProtectionProgram even more flexible for the nearly 29000 Idaho small businesses who've received #PPP loans so far. This bill will help Idaho's #smallbiz keep their doors open &amp; workers on payroll.,2020-06-05 00:15:00,TweetDeck,1753,8208
Congratulations to the winners of the C-SPAN @StudentCam competition from Mountain View HS and Compass Academy! Great work and job well done. https://t.co/Fssbsndxjy,2020-06-04 15:43:52,Twitter Web App,1268,5050
Our nation needs more #cyber professionals. Congratulations to the three teams of coders from Skyline HS Centennial HS and Meridian Technical Charter HS who placed in the Top 30 at the Girls Go CyberStart competition! #WomenInSTEM https://t.co/PFfeQ88uOH,2020-06-03 14:52:31,Twitter Web App,1497,5833
I strongly condemn these acts of violence and pray for the safety of our law enforcement officers and communities across the country.,2020-06-01 17:24:22,Twitter Web App,7,51
The killing of George Floyd has justifiably shocked our nation and I join all Americans in demanding accountability and justice. While most demonstrators have peacefully exercised their First Amendment rights some have turned to looting and destruction.,2020-06-01 17:24:22,Twitter Web App,14,74
To reserve a campsite near you visit https://t.co/sMILimjh9U. #RecreateResponsibly https://t.co/LeYYytJQW5,2020-05-28 17:50:17,Twitter Web App,83,293
🚨Attention Idaho farmers🚨 The Coronavirus Food Assistance Program #CFAP application portal is officially open. If your farm or ranch has been hurt by #COVID19 visit https://t.co/TQEQv27iE3 ASAP to apply for this financial relief.,2020-05-26 15:04:51,Twitter Web App,5,16
This #MemorialDay we honor the brave men and women who made the ultimate sacrifice serving their country. God Bless America. https://t.co/jgxHag50Aj,2020-05-25 14:38:00,TweetDeck,12,38
Many of Idaho’s beautiful parks are open for recreation this weekend. Whether you choose to visit @YellowstoneNPS Craters of the Moon or a different park or forest make sure you do so safely with this guide from @NatlParkService. https://t.co/JAgpAMdyR1,2020-05-24 19:00:00,TweetDeck,30,49
The #PPP was created for small businesses and nonprofits in crisis — not for Planned Parenthood. https://t.co/Hbcx3TRHJf,2020-05-21 23:46:00,TweetDeck,13,34
Congratulations to the hardworking scientists at @BoiseState who yesterday received an Agriculture and Food Research Initiative grant from the @USDA to help protect America’s food supply.,2020-05-21 15:59:28,Twitter Web App,7,19
The U.S. is the world's foremost leader on nuclear energy. As other nations begin to develop their nuclear power capabilities we must remain a step ahead of the competition. https://t.co/rOo2sXEYxF,2020-05-20 22:18:22,Twitter Web App,13,52
Happy birthday to my favorite senior senator from Idaho @MikeCrapo! https://t.co/M5NJsRd4O4,2020-05-20 15:04:15,Twitter Web App,8,75
Congratulations seniors! https://t.co/EF4Rfym9dk,2020-05-19 22:32:57,Twitter Web App,13,17
Funding update: Since the start of the #COVID19 pandemic 1142 small businesses and agribusinesses in Idaho have received more than $96 million in disaster assistance loans through the @SBAgov EIDL program.,2020-05-19 20:24:38,TweetDeck,4,15
When an officer’s life is lost in the line of duty we are reminded of the daily perils law enforcement officers face while working to keep us safe. Vicki &amp; I are praying for the Bonneville County Sheriff's Office and the family of the fallen deputy during this difficult time.,2020-05-19 16:52:21,Twitter Web App,7,47
On this day in 1980 ash rained down across the Pacific Northwest in the most destructive volcanic eruption our nation has ever seen. 40 years later we remember the lives of those lost that tragic day. #MountStHelens,2020-05-19 00:59:10,Twitter for iPhone,6,39
Cutting bureaucratic red tape remains one of the best ways to help businesses recover from the COVID-19 pandemic. @MikeCrapo &amp; I are ready to work with our colleagues on commonsense regulatory reform for America's businesses. https://t.co/Rg6x0dg9iP,2020-05-18 19:55:13,Twitter Web App,8,29
Congratulations to this year's graduating seniors! 2020 has been full of challenges but know that your family friends and all of Idaho are proud of what you've accomplished during these difficult times. To the Class of 2020 I wish you the very best and may God bless you. https://t.co/coxq17Oi7C,2020-05-15 17:02:00,Twitter Media Studio,5,52
Starting at 10am MT the Mountain Home Air Force Base is conducting a flyover of southern Idaho’s hospitals in honor of the brave Idahoans on the front lines of the COVID-19 outbreak. Thank you to our first responders &amp; @366FW &amp; @124FighterWing for your service. #AirForceSalutes,2020-05-15 15:20:00,TweetDeck,6,38
Important news for Idaho #veterans in need of assistance: @IAVA has launched a nationwide consolidated-care program for veterans and their families that is free to use anonymous and operates 24/7. Learn more here: https://t.co/uWVMxISKJQ,2020-05-14 22:34:00,TweetDeck,16,16
Happening tomorrow – the @USDA is hosting a webinar for farmers ranchers and ag producers who are interested in applying for assistance through the Coronavirus Food Assistance Program. Click here to learn more:  https://t.co/NEIfyNqB0W,2020-05-14 00:32:00,TweetDeck,10,28
On Friday morning keep your eye out for a flyover of southern Idaho from @366FW and @124FighterWing in honor of Idaho's first responders. See the flight path below. #AirForceSalutes https://t.co/01yyX15pPV,2020-05-13 21:27:53,Twitter Web App,19,64
Vicki and I are deeply saddened to hear of the passing of Idaho State Rep. Thyra Stevenson this morning. Thyra was a dedicated public servant for Nez Perce and Lewis Counties and a great legislator and friend. My prayers are with the Stevenson family during this difficult time.,2020-05-11 23:40:13,Twitter Web App,5,30
A very happy Mother’s Day to all the wonderful moms raising the next generation! https://t.co/AjR4nIe5MY,2020-05-10 16:36:58,Twitter for iPhone,2,41
Thank you @SecretarySonny for recognizing the diversity of our agricultural industry and readdressing CFAP payment limitations to meet the needs of our family farms and ranchers in Idaho.,2020-05-09 16:32:00,TweetDeck,10,27
On #VEDay75 we remember the millions of Americans and foreign allies who fought in the European Theater of World War II for our shared values of freedom democracy and peace. Join me today in honoring those who made the ultimate sacrifice for their country.,2020-05-08 15:06:00,TweetDeck,11,32
Congratulations to @INL for being recognized in the CSC for their world-leading expertise in critical infrastructure protection. https://t.co/0bbMxeQIK5,2020-05-08 13:04:43,Twitter Web App,2,27
Buck Knives in Post Falls is using its 3D printer to manufacture plastic face shields for workers on the front lines of the pandemic. True creativity and ingenuity. https://t.co/aKfG4nMcB9,2020-05-08 00:06:00,TweetDeck,6,28
Today marks the final day of the @IdahoGives campaign. Help support your favorite nonprofits and make a difference in your community by donating to #IdahoGives today. https://t.co/T4mGwTP8dU,2020-05-07 18:54:34,Twitter Web App,4,10
Idaho’s nurses have gone above and beyond the call of duty and I thank them from the bottom of my heart. Happy #NationalNursesDay. May God bless you and keep you safe. https://t.co/lcfEn1GYXX,2020-05-07 01:47:19,Twitter Web App,11,49
Until recently small #ag businesses have been unable to access the SBA's EIDL program. After working with my colleagues on legislative fixes I'm proud to say that farmers &amp; ranchers are newly eligible for the EIDL program. To learn more &amp; apply visit https://t.co/luRl8ycg1J.,2020-05-06 17:31:04,Twitter Web App,8,15
The reliable movement of goods during COVID-19 and other emergencies is critical. @INL and @CISAgov have developed a tool to help the transportation sector get products where they need to be. Read more about it here: https://t.co/fdO00gX0W4,2020-05-06 15:36:15,Twitter Web App,5,18
Potatoes &amp; dairy two of Idaho’s largest ag commodities have been hit especially hard as their traditional markets have nearly vanished overnight. Thank you @SecretarySonny for working to assist our farmers. https://t.co/cifKAOEYTQ,2020-05-05 19:42:10,Twitter Web App,3,28
Last year my colleagues &amp; I wrote to the Administration about the threat Huawei solar inverters pose to our national security. I applaud @POTUS for issuing last week’s EO to protect our critical infrastructure from foreign interference &amp; surveillance. https://t.co/VmjXm7J9hw,2020-05-05 16:48:33,Twitter Web App,1,24
Join me in thanking Idaho’s teachers this #NationalTeachersDay. We are grateful for the work you do to educate students across the state and we hope to see you back in the classroom soon. https://t.co/Ib1ciGgtSy,2020-05-05 14:48:25,Twitter Web App,6,37
During #MilitaryAppreciationMonth we honor the men and women in uniform who have bravely served our country and defended our freedoms. Thank you to our active service members and veterans for your dedication and sacrifice. https://t.co/C2XpBHJAFc,2020-05-05 00:24:57,Twitter Web App,12,24
Since the #PaycheckProtectionProgram resumed last week another 12000 forgivable small business loans have been approved for small businesses in every corner of the Gem State. #IdahoSmallBiz #PPP,2020-05-04 15:07:00,TweetDeck,24,89
A great showing of appreciation and support for our doctors nurses and medical professionals. Thank you to Idaho's health care workers for all that you do to keep us safe.  https://t.co/rjkE3cvrkM,2020-04-30 15:14:26,TweetDeck,10,33
Good news: PPE sterilization equipment is on its way to @INL ensuring Idaho’s hospitals and health care workers have access to the protective equipment they need to do their lifesaving work. https://t.co/p1DgQioTVY,2020-04-30 00:03:00,TweetDeck,11,40
This is welcome news for Idaho’s small community lenders who serve small businesses in rural parts of the state. https://t.co/zLxCZQUzsR,2020-04-29 19:23:24,Twitter for iPhone,3,8
Next week marks the beginning of Support Ammon Businesses Week. You can support Ammon merchants and small businesses by purchasing a gift card ordering take-out or leaving a review for your favorite local business. #SupportLocalGems https://t.co/B0LwE0XOmT,2020-04-29 16:46:00,TweetDeck,2,12
An incredible example of the hard work and generosity of Idaho’s potato farmers. Thank you Silver Creek Seed Farm for feeding our communities.  https://t.co/iye8PZkw4X,2020-04-29 15:02:00,TweetDeck,8,43
To everyone who supported an Idaho small business today -- whether by shopping online buying a gift card writing a review or by expressing your appreciation -- thank you. Your commitment to community today &amp; every day makes the Gem State great. #SupportLocalGems,2020-04-25 03:00:00,TweetDeck,23,69
Looking for dinner inspiration? Check out BoiseDev's SW Idaho Take-out &amp; Delivery Guide and support a local restaurant in your neighborhood. #supportlocalgems  https://t.co/yZtyjBxuzp,2020-04-24 22:45:00,TweetDeck,5,19
A great way you can #SupportLocalGems is by buying a gift card. Check out this list of small businesses in the Magic Valley where you can purchase a gift card online. #BuyLocal https://t.co/HHKDHK5S4h,2020-04-24 19:12:00,TweetDeck,6,21
What local businesses are you supporting in your community today? Give a shout-out to a small business you love! #SupportLocalGems,2020-04-24 17:44:00,TweetDeck,3,16
Idaho's farmers ranchers and food producers are local gems too! Visit https://t.co/7ANJCKTtZU for a list of local producers around the state. @IdahoPreferred #SupportLocalGems,2020-04-24 15:32:20,Twitter Web App,9,23
Today is the day! Small and local businesses are the lifeblood of the Gem State. Show them you care today by buying from them online getting take-out writing a review or saying thank you for all that they do to make our communities thrive. #SupportLocalGems https://t.co/jFvsjomMmN,2020-04-24 13:54:25,Twitter Web App,17,41
This Friday (and every day) lend your support to the small businesses in our communities that make Idaho great. #SupportCDAGems #SupportPostFallsGems https://t.co/xZKPcy0lPd,2020-04-23 20:05:00,TweetDeck,1,4
Looking for more ways to #SupportLocalGems? Visit https://t.co/3sX2ejGa3J and donate to one of the many nonprofits serving Idaho's communities. #IdahoGives https://t.co/KX7wvV0sfS,2020-04-23 18:34:19,Twitter Web App,2,13
On Friday April 24th get online and give your business to the local shops and restaurants that make your community thrive. #SupportLocalGems https://t.co/4UNnSmPNv7,2020-04-23 01:40:32,Twitter for iPhone,15,66
Small businesses employ hundreds of thousands of Idahoans but #COVID19 has made job security uncertain for many of our neighbors and friends. On Friday April 24th #SupportLocalGems and the Idahoans they employ by shopping online and supporting the gems in our communities. https://t.co/ppn2D2cfWE,2020-04-22 19:37:09,Twitter Web App,17,21
Looking for a list of open businesses in Idaho Falls? @localnews8 has you covered. Check out their Open 4 Biz website and this Friday #SupportIdahoFallsGems.  #SupportLocalGems  https://t.co/PAziACMdJY,2020-04-22 00:04:00,TweetDeck,2,13
Small businesses need every possible tool in the toolbox to weather the COVID-19 pandemic and the Paycheck Protection Program is one of those essential tools.  Full statement here: https://t.co/tNlgkGdl84 https://t.co/ufztIljAOu,2020-04-21 22:28:59,Twitter Web App,17,51
The innovation at Idaho's colleges and universities is unmatched. At @uidaho researchers are hard at work on a cure for coronaviruses including COVID-19. https://t.co/ZGT78JHjzF,2020-04-21 17:43:23,Twitter Web App,5,19
Love the small businesses that make Idaho unique? On Friday April 24th show them your appreciation by buying from them online writing a review getting a gift card or saying thanks for all that they do to make the Gem State great. #SupportLocalGems https://t.co/koq6rw5M4U,2020-04-21 15:22:51,Twitter Web App,9,19
#SupportLocalGems is an opportunity to shop small and find ways to support local Idaho businesses. Purchase a gift card order take-out leave a positive review or say thank you to the businesses that make Idaho great.  https://t.co/cFBcb7PbJn,2020-04-20 16:32:50,Twitter Web App,6,15
During the COVID-19 outbreak small businesses across the Gem State are increasingly at risk of shutting their doors. On Friday April 24th I invite you to #SupportLocalGems. https://t.co/vzgoOzPdhc,2020-04-20 16:32:49,Twitter Web App,14,31
Thank you @SecretarySonny for announcing $19 billion in support of our farmers &amp; ranchers today. Today @MikeCrapo @CongMikeSimpson @RepRussFulcher &amp; I wrote to @USDA requesting special attention to the needs of Idaho's #ag industry during COVID-19. https://t.co/Fw3LHQvQbN,2020-04-17 23:08:33,Twitter Web App,27,47
I am honored the President has asked me to serve on the Opening Up America Again Congressional Group. Read my full statement below. https://t.co/PmqnuRHpdY,2020-04-17 01:58:00,TweetDeck,31,91
Today funding for the #PPP ran out. It's vital to keep this program funded to provide the financial assistance small businesses need. I urge my Dem colleagues to join us &amp; fund this critical program now. We must act to keep American businesses afloat through this difficult time.,2020-04-16 23:20:26,Twitter Web App,21,61
Idaho’s dairy farmers are some of the hardest working people around but COVID-19 has caused a crisis for the ag industry. I will continue working with the @USDA to ensure Idaho’s farmers &amp; ranchers who have always cared for us are cared for in return. https://t.co/43DJU9HPmN,2020-04-15 18:29:53,Twitter Web App,5,42
Since the #PaycheckProtectionProgram went live earlier this month 8800 small businesses in Idaho have been approved for $1.3 billion in forgivable loans. The #PPP can help Idaho's small businesses keep their employees paid &amp; doors open through this difficult time.,2020-04-15 00:45:00,TweetDeck,29,136
Congratulations Chris! Thank you to all of Idaho’s health care heroes who are making success stories like this possible. https://t.co/3CZ6qCO37K,2020-04-14 15:42:54,Twitter for iPhone,16,99
We continue to hear great stories about innovative Idaho businesses stepping up to fight #COVID19. In Mountain Home In the Ditch Towing Products has adapted its manufacturing to produce face shields for health care workers. Thanks to the team at In the Ditch for the hard work.,2020-04-13 17:27:34,Twitter Web App,7,42
Happy Easter! Vicki and I wish you and your family a blessed Easter. #HeIsRisen https://t.co/8dGJvx4aWR,2020-04-12 15:28:40,Twitter for iPhone,7,49
Removing spent nuclear fuel from @INL is good for Idaho &amp; the future of nuclear energy. My colleagues &amp; I are asking @ENERGY @SecBrouillette to ensure these shipments are road ready to meet the deadlines in the 1995 Settlement Agreement. https://t.co/CosaSjHbSg,2020-04-11 16:20:00,TweetDeck,12,36
We are blessed by these sacrifices of all shapes &amp; sizes and Vicki &amp; I thank you from the bottom of our hearts. As we enter this most Holy weekend I wish you &amp; your families a peaceful prayerful &amp; joyful Easter. May God bless you &amp; your families.,2020-04-10 22:55:47,Twitter Web App,3,20
As our country &amp; the world weathers this pandemic I thank our health care workers essential employees ag community &amp; all who are risking their lives to keep us provided for &amp; safe. I also thank my staff for working tirelessly to help Idahoans at a time when they need it most.,2020-04-10 22:55:47,Twitter Web App,5,37
Relief is on the way for Idaho’s hospitals and health care workers. Today @HHSGov is delivering $135 million in funding through the #CARESAct to Idaho’s doctors and health centers on the front lines of the #COVID19 pandemic.,2020-04-10 20:26:14,Twitter Web App,4,24
Hearing how Idaho businesses are stepping up to serve our communities continues to inspire us all. https://t.co/WZ7SVkpDy9,2020-04-10 18:32:04,Twitter Web App,3,10
BLM smokejumpers in Boise are trading in chainsaws and shovels for needles and thread. Thank you for your work to #SlowTheSpread! @BLMNational @NIFCfire @IdahoOnYourSide  https://t.co/d6itPnnkjj,2020-04-08 19:52:40,Twitter Web App,9,28
This #WorldHealthDay I thank Idaho's doctors nurses and heath care professionals who are working tirelessly to keep our communities healthy and safe.,2020-04-07 16:44:53,Twitter Web App,20,90
The @IDNationalGuard is hard at work delivering supplies serving food banks and helping Idaho's communities. We thank you for your service!  https://t.co/HYHrG1w6iG,2020-04-06 15:56:25,Twitter Web App,16,36
Attention Idaho small businesses who have been impacted by #COVID19: The #PPPloan is now available! Apply with an SBA approved bank or credit union for a forgivable loan of up to $10 million to cover payroll through the Paycheck Protection Program. https://t.co/nGJaUQc4UP,2020-04-03 14:05:18,Twitter Web App,19,42
Thank you @uidaho for using your talents and resources to support our health care workers! https://t.co/Q5AWbnzPLA,2020-04-02 17:01:32,Twitter Web App,5,23
Idaho farmers &amp; ranchers are working around the clock to keep food on our grocery shelves during #COVID19. Glad to join over 140 of my colleagues in sending a letter to @SecretarySonny encouraging immediate relief for the #ag producers keeping America fed. https://t.co/xkxbWOYii7,2020-04-01 22:08:04,Twitter Web App,19,39
April 1st is #CensusDay. If you haven't already take 10 minutes today to visit https://t.co/JIDXgSeLjj and fill out a secure and confidential census questionnaire. https://t.co/knPREQTv6F,2020-04-01 16:10:08,Twitter Web App,3,6
Last week Idaho-based Micron Technology committed $35 million to help those who have been impacted by #COVID19. Thank you @MicronTech for making #Idaho proud. https://t.co/16X8AJdBVq,2020-03-31 18:33:40,Twitter Web App,13,51
The #COVID19 outbreak has left Idaho's rural hospitals and clinics especially vulnerable. @MikeCrapo and I joined our Senate colleagues in sending a letter to HHS @SecAzar requesting financial relief for rural providers during this global pandemic. https://t.co/eWvBTHD9O3,2020-03-30 19:27:31,Twitter Web App,9,32
Thank you to the talented and hardworking doctors on the front lines of the #COVID19 outbreak who are working tirelessly to care for the sick and vulnerable and keep our communities healthy and safe. #NationalDoctorsDay,2020-03-30 17:35:06,Twitter Web App,8,60
This is just one of many efforts around the state to help our health care professionals working around the clock. I encourage all Idahoans to support your local communities in any way that you can. By working together we will make it through this difficult time.,2020-03-28 16:05:30,Twitter Web App,3,15
If you live in Southwest Idaho have access to a 3D printer and are willing to help in this effort @BoiseState has a Google form you can fill out. Once you’ve submitted the form someone will reach out to you with instructions. https://t.co/kcgXemsj69,2020-03-28 16:05:30,Twitter Web App,6,29
Local entities such as @BoiseState and @MeridianLibrary are leading the charge in using 3D printers to create face shields for hospitals in need. https://t.co/CE7tcxJZkU,2020-03-28 16:05:29,Twitter Web App,8,24
As Idaho health care providers work to combat the Coronavirus pandemic the need for personal protective equipment such as masks &amp; gloves is greater than ever. Thanks to innovative 3D printing technologies there’s a way we can help increase our supply. https://t.co/vePBeZb4UH,2020-03-28 16:05:29,Twitter Web App,15,40
The #CARESAct is critical to stabilizing our economy providing American families workers &amp; businesses with the assistance they need &amp; ensuring the men &amp; women on the front lines of the #COVID19 outbreak have the necessary funding &amp; supplies to keep millions of Americans safe. https://t.co/Sv8BHVmOLb,2020-03-27 21:56:36,Twitter Web App,79,224
Thank you to the @StateDept for working to prioritize the H2-A visa process. This step will provide Idaho farmers and ranchers with the critical workforce they need to maintain America’s food supply.,2020-03-27 02:39:10,Twitter for iPhone,10,41
Deeply saddened to learn of the passing of three Idahoans due to COVID-19. My prayers go out to the families who are suffering the loss of loved ones from this terrible virus. https://t.co/qGXHu8dZEb,2020-03-26 20:29:53,Twitter for iPhone,11,31
The #CARESAct provides a lifeline to our nation’s economy business owners workers medical professionals and those on the front lines of the outbreak and the people and families battling #COVID19. https://t.co/PF6gxfMjoA https://t.co/5ichdLfH5C,2020-03-26 04:18:28,Twitter Web App,14,65
.@GovernorLittle's stay-home order means all Idahoans -- not just those who are sick -- should stay at home unless they need to obtain or perform essential services (as outlined below). https://t.co/5sJ9dLXOVf,2020-03-25 20:52:11,Twitter Web App,13,29
Many of Idaho's small businesses are facing immense difficulties due to #COVID19. My website has a list of current @SBAgov programs available for #smallbiz impacted by this outbreak. Additional resources will be provided as they become available. https://t.co/Xln8oLjKkH,2020-03-25 15:18:03,Twitter Web App,7,24
The Kroc Center in Coeur d’Alene is currently collecting hand sanitizer paper towels sanitizing wipes disinfectant spray and safety eyewear for first responders. @CdA_Press @kroccda  https://t.co/MNdahhcdY7,2020-03-24 22:58:02,Twitter for iPhone,5,18
Idaho’s farmers and ranchers are #StillFarming on #AgDay20 and every day to provide not just for their fellow Idahoans but to keep the food supply chain intact across the country and world. Thank you to our #ag industry on this National Ag Day.,2020-03-24 13:03:39,Twitter Web App,19,90
We're blessed in Idaho by all the small businesses using their resources and creativity to help fight #COVID19. https://t.co/HivbrZaDDX,2020-03-23 15:30:41,Twitter Web App,12,49
This bipartisan bill would have provided immediate help to badly hurting small businesses—ensuring they could pay their employees—and direct financial assistance to Idaho’s low- and middle-income individuals and families many of whom are struggling to make ends meet.,2020-03-23 00:30:08,Twitter for iPhone,17,54
We are in the center of a crisis and Idaho families and small businesses need relief NOW. Deeply disappointed my Democrat colleagues chose politics over the urgent needs of the American people. #COVID19,2020-03-22 23:54:26,Twitter for iPhone,148,491
Ventilators are a critical lifeline for people suffering from respiratory failure. Under the dire circumstances presented to us by #COVID19 it is essential that we get #ventilators to #ID health care providers as rapidly as possible. Thank you @CongMikeSimpson &amp; @RepRussFulcher. https://t.co/dlEoKcsBE5,2020-03-22 16:44:04,Twitter for iPhone,14,54
There's no question that #coronavirus has disrupted life for all Americans. But we are strong. We know how to handle the toughest situations. Together we'll get through this. https://t.co/iZpxO8JxY7,2020-03-21 01:12:00,TweetDeck,28,63
To Idaho's small businesses who are grappling with how to make payroll due to #coronavirus -- hang on! The Senate is moving fast to deliver payroll relief to businesses who need it most. https://t.co/utLnLeKDjC,2020-03-20 18:48:06,Twitter Web App,8,21
Our small businesses are facing unprecedented hardships caused by #coronavirus. Before closing your doors I urge #smallbiz owners to fill out a form with @IdahoCommerce to help secure @SBAgov economic injury disaster loans for small businesses in Idaho. https://t.co/ffIwK4fAdX https://t.co/F0h8GQaNV2,2020-03-19 18:12:36,Twitter Web App,15,36
I’m glad that @StateDept has announced H-2A visas are essential. Our farmers &amp; ranchers need all of the support we can give during this critical time. I will continue to work closely with @StateDept as it make arrangements for this critical #ag workforce.,2020-03-19 00:15:35,Twitter for iPhone,10,50
Click here to read my message to Idahoans about COVID-19. https://t.co/yvd4T8GBau,2020-03-18 21:16:14,Twitter Web Client,10,20
We are in the midst of a truly unprecedented time in modern U.S. history. These extraordinary circumstances call for extraordinary measures. Today I voted in support of a second bipartisan coronavirus emergency funding bill. Click for my full statement: https://t.co/EQ1WOCwOB9,2020-03-18 20:33:24,Twitter Web App,19,44
Maintaining food supply is critical &amp; requires our #ag workforce. I am raising this at the highest level at @StateDept to ensure legal workers from Mexico &amp; other countries can be processed in a timely manner &amp; our farmers &amp; ranchers can continue to provide for the nation.,2020-03-18 15:17:58,Twitter Web App,11,48
🚨Attention Idaho small business owners🚨 If your business has been disrupted or impacted by coronavirus fill out a form with Idaho Commerce now. This will help expedite the disbursal of #COVID19 economic disaster loans to small businesses in #Idaho. https://t.co/ffIwK4xbCx,2020-03-17 22:13:55,Twitter Web App,2468,8519
Today @CDCgov announced that Idaho will receive a $4.5 million grant to help combat #COVID2019. To find out what you can do to help prevent the spread of the novel coronavirus visit https://t.co/it4OZnewB9. https://t.co/yk9xrqsFrF,2020-03-16 21:25:26,Twitter Web App,3,18
Read my statement on the announcement of the first case of COVID-19 in the State of Idaho:  https://t.co/GfhhQAXbyI,2020-03-14 03:02:24,Twitter for iPhone,7,21
ICYMI: The North Bannock Fire Department is offering to go grocery shopping for seniors who are socially distance themselves from large crowds. Thank you to the North Bannock firefighters for your service. https://t.co/z2bJ2GUJdE,2020-03-14 01:14:00,TweetDeck,13,55
I commend President Trump and @GovernorLittle on today’s emergency declarations. These actions will help get supplies and resources more quickly to the people in Idaho who are working to contain COVID-19. https://t.co/vWTSYBn5SM,2020-03-13 21:05:26,Twitter Web App,4,32
While Idaho has no confirmed #coronavirus cases at this time my office remains open to all Idahoans in need of resources and assistance.  To read my full statement on the suspension of travel between the U.S. and Europe click here.⬇️ https://t.co/jyZ50BurUK,2020-03-12 15:06:39,Twitter Web App,4,21
Calling all students: Just four more days to submit your summer 2020 internship applications! To learn more about internships in my Senate office and apply click here. ⬇️ https://t.co/k77bOXYZe6,2020-03-12 00:15:00,TweetDeck,5,13
It's always a privilege meeting with Idaho's veterans. The Idaho American Legion does exceptional work ensuring our veterans receive the care they deserve. https://t.co/0jBT3sc1VF,2020-03-10 20:45:45,Twitter Web App,3,31
This isn’t my whole staff but it is the majority. Happy #InternationalWomensDay https://t.co/vQfttR5QC6,2020-03-08 15:17:34,Twitter for iPhone,29,138
Great to speak today to the Pacific Northwest Waterways Association. There’s no overstating the importance of our inland ports which carry Idaho goods and crops from the Palouse to markets all over the world. https://t.co/zNHEnJ3y5W,2020-03-06 02:17:15,Twitter for iPhone,8,26
During Australia's deeply destructive bushfires more than 300 American firefighters including 44 Idahoans have risked their lives and personal safety to join the effort to combat these deadly fires. I am proud of and humbled by our firefighters’ courageous response.,2020-03-05 22:50:43,TweetDeck,7,52
Defending against the novel #coronavirus will take an all-hands-on-deck effort and I thank our public health officials and medical providers for their tireless work to contain this situation and navigate the challenges before us.,2020-03-05 21:07:33,Twitter Web App,4,11
As chairman of @SenateForeign I hosted a dialogue this morning with experts from across the U.S. government and got greater clarity on efforts to detect deter and mitigate coronavirus.,2020-03-05 21:07:33,Twitter Web App,1,9
I am closely monitoring this evolving situation and am in constant contact with the administration and our state and local partners. I have also requested the @WhiteHouse make more coronavirus test kits available to the State of Idaho.,2020-03-05 21:07:33,Twitter Web App,1,6
During this novel #coronavirusoutbreak a speedy and coordinated response is vital to our national strategy of containment. Today I voted in support of supplemental funding to combat COVID-19.,2020-03-05 21:07:32,Twitter Web App,3,35
The best thing Idahoans can do to defend against #coronavirus is remain calm vigilant and prepare and educate yourself.  For information and resources on the #CoronavirusOutbreak visit my website.  https://t.co/bFKTRgSHbh,2020-03-05 01:43:00,TweetDeck,8,44
On #IdahoDay2020 we celebrate the creation of the Idaho Territory by President Abraham Lincoln and 100 years of Idaho women’s suffrage. Idaho was among the first states to grant women the right to vote and helped pave the way for suffragettes everywhere. #IdahoWomen100,2020-03-04 14:48:54,Twitter Web App,13,51
Today I spoke in support of the American Energy Innovation Act. I represent the nation's flagship nuclear energy laboratory - the @INL which will play a key role in securing our nation's energy future. #EnergyInnovation2020 https://t.co/g8V1ztUoyg,2020-03-03 22:28:02,Twitter Web App,14,69
Sorry to hear Idaho State Rep. Gary Collins isn't running for re-election. He has been a steady and reliable legislator over the years. Well done Gary. Idaho will miss your service.,2020-03-03 14:57:12,Twitter Web App,1,19
Had a great visit in Idaho Falls with @USArmy veterans and Eagle Rock Gallery owners Gary and Kathi Jensen. Vicki and I presented them with a Congressional Record statement and an American flag that was flown over the U.S. Capitol in their honor. https://t.co/Zh2709OaJb,2020-03-02 18:22:59,Twitter Web App,17,33
Thank you to the thousands of Idahoans who joined my tele-town hall last night. There were some great questions about #nuclear #coronavirus #USMCA and much more. If you'd like to sign up for future tele-town halls visit my website.⬇️ https://t.co/V7IQaTq1iA,2020-02-27 15:24:18,Twitter Web App,17,41
Congratulations to the new Deputy Secretary of @Interior Kate MacGregor! https://t.co/sAh32kFMVg,2020-02-26 14:00:35,Twitter Web App,8,31
I was glad to celebrate today's news about the implementation of the U.S.-China Phase 1 Agreement with potato growers from Idaho and across the country. https://t.co/cBxe7IsOAc https://t.co/DNBrazYRKd,2020-02-25 22:50:42,Twitter Web App,7,32
Vicki and I had a great time meeting with Idaho's service academy nominees last week. Each year I'm struck by the exceptional leadership displayed by the young men and women who apply to attend our military academies. Congratulations and Vicki and I wish you the very best! https://t.co/SoUSNd1wfZ,2020-02-24 16:42:00,TweetDeck,7,44
Honored to celebrate this great achievement today. Congratulations to @INL @ENERGY and the great State of Idaho. https://t.co/vW3INeFqDF,2020-02-22 03:02:25,Twitter for iPhone,13,40
Honored to stand before both chambers of the Idaho Legislature this morning. https://t.co/avSYuyY848,2020-02-21 01:20:00,TweetDeck,8,56
The #USMCA is a victory for Idaho and all of America. Thank you @GovernorLittle for hosting Idaho's agriculture industry leaders @MikeCrapo @CongMikeSimpson and me to talk about this truly historic deal. https://t.co/IpMHQq9wau,2020-02-20 19:55:59,Twitter Web App,7,43
Great conversation with the Food Producers of Idaho in Boise today about the challenges and opportunities facing our farmers and ranchers. Thanks for having me! https://t.co/4oZ6UnRJYa,2020-02-19 21:29:53,Twitter for iPhone,5,40
Enjoyed stopping by Rhino Metals in Caldwell yesterday to present this veteran-owned small business with a Congressional Record statement in their honor. Vicki and I wish you all the very best! https://t.co/vpB09nvUMO,2020-02-19 01:25:00,TweetDeck,17,70
Had a great visit yesterday with the Idaho Small Business of the Month for December 2019 R &amp; H Machine. Thank you to the entire staff at R &amp; H Machine for your generous hospitality and for all that you do in the Caldwell community! https://t.co/fkrvfQwRQE,2020-02-18 20:02:06,Twitter for iPhone,4,31
When Idaho County flooded federal disaster assistance was delayed to homeowners &amp; small businesses due to their rural location. Yesterday @SenatorShaheen &amp; I introduced a bill to help communities access the disaster assistance programs their tax $$ fund. https://t.co/V1NLbujSGk,2020-02-13 15:53:52,Twitter Web App,7,32
Great conversation this morning with the @IDFarmBureau. As a proud Farm Bureau member myself thank you for the great work you do on behalf of Idaho’s farmers and ranchers. https://t.co/03AiSfG2jQ,2020-02-12 15:37:38,Twitter for iPhone,16,45
Thank you to the Nez Perce Tribe for coming by my office yesterday. We had a productive discussion about conservation and issues affecting the tribe and I'm grateful to Tribal Secretary Greene for sharing her thoughts and insights. https://t.co/6x5EK2W1rI,2020-02-12 01:45:00,TweetDeck,4,68
Had the honor of meeting with two athletes from the Idaho Special Olympics International Delegation. Congratulations on all of your hard work and good luck at the @SOID 2020 Summer Games! https://t.co/aksUW6Ibj6,2020-02-11 22:14:14,Twitter Web App,4,36
On Saturday I visited Hayden to present @USNavy vet Don McGrogan with an American flag &amp; a Congressional Record Statement honoring his business Popular Patch which was selected as the Idaho #SmallBiz of the Day in November. Congratulations Don &amp; thank you for your service! 🇺🇸 https://t.co/E6VyBogGUL,2020-02-10 20:45:10,Twitter Web App,7,70
Today I cast my vote to acquit the President. Now I seek to return to the important work for Idahoans that they sent me to the Senate to accomplish. https://t.co/g8yRVe7Yyq https://t.co/H92Hb0khUs,2020-02-05 22:11:26,Twitter Web App,31,126
Today I will vote to acquit President Trump. https://t.co/mVfaQqqNsV https://t.co/68G2rxsx39,2020-02-05 20:08:02,Twitter Web App,124,709
Congratulations to @GovernorLittle @lawrencewasden and @SecBrouillette on reaching this historic agreement to ensure @INL's continued leadership on nuclear research. https://t.co/3CHHOquiy4,2020-02-05 16:02:54,Twitter Web App,5,37
President Trump's #SOTU2020 address was an instant classic. https://t.co/So45GxD7y6,2020-02-05 04:28:49,Twitter Web App,220,1035
Congratulations to my good friend ID State Senate President Pro Tempore Brent Hill on announcing his well-deserved retirement from public office. Brent has been a faithful voice for southeastern Idaho for nearly 2 decades and his service and leadership will be greatly missed!,2020-01-30 23:55:05,Twitter Web App,15,65
Proud to be at the @WhiteHouse today with my colleagues to celebrate this historic trade deal.  The #USMCA is the trade deal that Idaho's farmers ranchers and small businesses deserve. https://t.co/inqYak5bLT,2020-01-29 16:33:03,Twitter Web App,56,286
Human trafficking is not confined to big cities alone. This scourge impacts communities both big and small. Idaho is doing its part in the fight to #endhumantrafficking and protect the victims of this terrible crime. https://t.co/YYv8xM6ofz,2020-01-28 16:02:12,Twitter Web App,27,48
75 years ago today the Allies liberated the thousands of men women &amp; children imprisoned at the Auschwitz-Birkenau death camp. On #HolocaustRemembranceDay we mourn the millions of Jews &amp; other victims who lost their lives to the murderous Nazi regime. We will #NeverForget. https://t.co/CGrJsUbbHf,2020-01-27 17:57:15,Twitter Web App,16,69
To the thousands of women and men from across America who are marching today you are truly doing heaven's work. #WhyWeMarch https://t.co/DXaY4AXTgy,2020-01-24 15:49:07,Twitter Web App,77,305
After years of overreach and uncertainty Idaho’s farmers ranchers and landowners will finally have a rule that doesn’t confuse truly navigable waters with ditches and puddles. Thank you @POTUS for replacing #WOTUS. https://t.co/iDuBqgi7kd https://t.co/k1oOhCrRJr,2020-01-24 14:52:17,Twitter Web App,79,200
If it isn't milk don't say it's milk. Proud to lead this effort on behalf of America's dairy farmers with my good friend @SenatorBaldwin. #DAIRYPRIDE  https://t.co/NRI8PLhwiy https://t.co/8obI5ZdWRg,2020-01-23 17:11:38,Twitter Web App,35,184
Today we honor the life of the great Reverend Doctor Martin Luther King Jr. His deep commitment to justice and equality shaped our nation and his legacy will carry on for generations to come. #MLKDay https://t.co/FZnsS6uLNG,2020-01-20 16:28:39,Twitter for iPhone,4,40
