We cannot afford to let our guard down when it comes to stopping the spread of #COVID19 in Southern Arizona.  Practice social distancing wash your hands and #MaskUpAZ. https://t.co/zJTONp1hp1,2020-11-19 22:35:02,Hootsuite Inc.,5,22,covid; 
It shouldn't take pleas on social media for us to finally take this pandemic seriously.   We can all play a part in keeping our communities loved ones and frontline healthcare workers safe.   Stay home if you're sick social distance and wear a mask. https://t.co/FgqAOpu0D2,2020-11-17 23:50:02,Hootsuite Inc.,6,34,social distance; 
With #COVID19 cases rises please make sure to get a test if you have any symptoms.   Pima County is expanding testing and including both drive-thru and walk-up locations.  Stay safe practice social distancing and #MaskUpAZ. https://t.co/yzqrdgBo3T,2020-11-17 19:50:03,Hootsuite Inc.,6,15,covid; 
With flu season and the holidays coming up now is not the time to let your guard down. #COVID19 remains a serious threat.  Please continue following CDC guidelines practice social distancing and wear a mask when you're out in public. https://t.co/tB8km5YSVC,2020-11-16 20:10:03,Hootsuite Inc.,8,16,covid; 
Stay safe and #MaskUpArizona.   The #COVID19 pandemic isn't over and cases are steadily rising in Arizona.   Continue following CDC guidelines and playing your part to keep our communities safe. https://t.co/BLUhLL2JTL,2020-11-10 23:45:03,Hootsuite Inc.,10,29,covid; 
As #COVID19 cases are starting to rise again in Arizona please continue to follow CDC guidelines practice social distancing and #MaskUp to stop the spread of the virus.   We can all play a role in keeping our friends family and neighbors safe. https://t.co/zYdlv7ZVSN,2020-10-27 19:00:35,Hootsuite Inc.,10,19,covid; 
220000 have died millions sickened and our economy is in shambles. due to #COVID19.  The White House doesn't have a plan. They never did.  https://t.co/CYSs2HjKjX,2020-10-26 19:10:04,Hootsuite Inc.,15,33,covid; 
It’s time to #MaskUp Arizona! Put on a mask and play your part in stopping the spread of #COVID19 in our communities.   I challenge @TucsonRomero @thesuperteacher and @ElRioHealth to show us a picture of their #Maskie and help us keep our communities safe. https://t.co/vDzXRAGqV2,2020-10-19 19:00:31,Hootsuite Inc.,25,138,covid; 
#COVID19 has not 'gone away.' It's still wreaking havoc on our communities straining our hospitals and endangering the lives of our heroic first responders.   Wear a mask avoid large gatherings practice social distancing and keep your community safe. https://t.co/2DpFPCAOcN,2020-10-16 20:30:13,Hootsuite Inc.,30,81,covid; 
People are dead workers are unemployed businesses are shuttered and Trump reverts to his longstanding view of #COVID19: 'It is what it is.'   The House has already passed the #HeroesAct. It's time for the Senate to do the same. https://t.co/qqJZYQeHKI,2020-10-07 22:15:04,Hootsuite Inc.,25,79,covid; 
I know from experience that COVID-19 is a serious issue and I wish the President &amp; First Lady a full recovery.   They now join over 7 million Americans &amp; their families who know all too well the severity of this virus.   Wear a mask and continue to practice social distancing.,2020-10-02 15:46:05,Twitter Web App,19,88,covid; 
Trump's public heath communications concerning #COVID19 have been an unmitigated disaster and contributed to the spread of misinformation across the country.   We should be listening to scientists not the ramblings of an unstable president. https://t.co/CAvT3D8reO,2020-10-01 20:25:02,Hootsuite Inc.,7,16,covid; 
#COVID19 has exacerbated food insecurity in families across the country and will only worsen if Congress fails to act to address it.   This includes strengthening food assistance programs to help our families not just survive but thrive. https://t.co/Iafn5kHtSr,2020-09-29 21:00:26,Hootsuite Inc.,10,10,covid; 
If Republicans and President Trump would have taken #COVID19 seriously from the beginning we could have saved countless lives.   The President's negligence and willingness to put politics over public health #FailThePeople.   It's a disgrace. https://t.co/3UFAPgaUIC,2020-09-24 18:15:08,Hootsuite Inc.,23,53,covid; 
We've reached the grim milestone of 200000 dead from #COVID19 and Trump continues to put politics over science.   From the very beginning this administration's response to this public health and economic emergency has been an utter failure. https://t.co/4S9x6q1Dvb,2020-09-23 20:45:06,Hootsuite Inc.,57,100,covid; 
This #SmallBusinessWeek I want to recognize the small businesses in #AZ03 that have supported our community throughout the #COVID19 pandemic.   You are vital to our communities and economies and I will keep fighting in Congress to get the resources you need to recover. https://t.co/MRZNoo0wJL,2020-09-22 17:30:13,Hootsuite Inc.,2,6,covid; 
Latino Native American and Black communities have been disproportionately impacted by #COVID19 as the virus exacerbated numerous issues that already existed.   Our response to the virus &amp; economic recovery must address these longstanding disparities.  https://t.co/nVtnQoOobr,2020-09-21 21:35:02,Hootsuite Inc.,26,48,covid; 
I spoke with @NCAI1944 at #TUID2020 on the work @NRDems have been doing for Indian country on wildfires Bureau of Indian Education schools reopening the #2020Census and #COVID19.   The status quo does not fit the long term solutions for Indian Country. https://t.co/DNFn1bidfG,2020-09-17 15:59:08,Twitter Web App,6,15,covid; 
#COVID19 has raged across Indian Country yet BIE has not adequately consulted with tribes on the safest education options for the school year.   @NRDems held a hearing last week and BIE didn't even send a representative.   Their absence speaks volumes. https://t.co/obkioBlyUX,2020-09-14 21:05:04,Hootsuite Inc.,5,14,covid; 
#COVID19 reports and information to the public should be governed by science--not the President's political considerations.   It's a disgrace that the Trump cares more about his political future than the deaths of almost 200000 Americans. https://t.co/7OtZEWedT0,2020-09-14 20:40:02,Hootsuite Inc.,10,28,covid; 
March 19: 12600+ confirmed COVID cases in U.S. 265 confirmed COVID deaths in U.S. Today: 6334150+ confirmed COVID cases in U.S. 189970+ confirmed COVID deaths in U.S.  #TrumpKnew said nothing and still refuses to take responsibility for his incompetence. https://t.co/UklbzAFWrm,2020-09-09 20:45:00,Twitter Media Studio,15,49,covid; 
Almost 200000 Americans have died from #COVID19 with the disproportionate impacts felt in communities of color.    The lack of urgency to pass the #HeroesAct while our brothers and sisters die is a national disgrace.   It's time for the Senate to act. https://t.co/vJP63Pg5qr,2020-09-09 18:55:03,Hootsuite Inc.,11,20,covid; 
The Trump Administration’s disastrous response to #COVID19 is making it impossible for schools to reopen safely.   Without relief state and local governments will have to make significant cuts to public education.   This is why the Senate must pass the #HeroesAct. #SaveOurStates https://t.co/hvRxlsXN8p,2020-09-09 17:45:10,Hootsuite Inc.,76,120,covid; 
In June I sent a letter to Sec. of State Pompeo urging him to consider working with the Guatemalan government to help extend COVID-19 aid in rural and indigenous communities in Guatemala. COVID-19 has decimated jobs incomes and fundamental access to food security in the region. https://t.co/3LUXU2FABY,2020-09-08 19:34:15,Twitter for iPhone,5,20,covid; 
Trump's disastrous coronavirus response has made it impossible for many schools to reopen safely. Now Senate Republicans are refusing to provide schools the funding they need to make classrooms safe. #HeroesAct  It’s time for Republicans in Washington to put #FamiliesFirst. https://t.co/HfANsvZ1z3,2020-09-02 20:15:06,Hootsuite Inc.,28,52,corona; 
#SocialSecurity has meant economic security for millions of Americans. Now Trump is trying to defund it after his administration failed to contain COVID19.   Congress must take action to stop this assault on Social Security. https://t.co/Z81YhKVfEP,2020-08-26 18:20:08,Hootsuite Inc.,57,70,covid; 
Farmworkers are showing up each day to pick the food that keeps our food supply stable during the #COVID19 pandemic.   Proud to join my @HispanicCaucus colleagues in urging growers to implement the workplace protections that farmworkers deserve. https://t.co/KqiGA3Qh1h,2020-08-26 15:21:24,Twitter Web App,27,80,covid; 
Let me say is louder for the people in the back: You are not immune to #COVID19 is you are young.   We should all be following CDC guidelines practicing social distancing and wearing a mask to stop the spread of the virus in our communities. https://t.co/EgPew5bl7N,2020-08-19 19:55:03,Hootsuite Inc.,8,31,covid; 
#IRS is reopening registration period for federal benefits recipients to enter info about qualifying children and receive their supplemental $500 Economic Impact Payments. You can use the tool from Aug. 15 through Sept. 30. #COVIDreliefIRS https://t.co/uv93CN6ID0 https://t.co/1uI5eP5Fr4,2020-08-18 23:05:04,Hootsuite Inc.,7,5,covid; 
Social Security was created during another economic crisis the Great Depression.   As our nation’s older Americans face the uncertainty of both a public health and economic #COVID19 crisis we must protect and expand this critical lifeline #ForThePeople. #SocSec85 https://t.co/UGLFhnMxDe,2020-08-14 14:18:02,Twitter Web App,67,103,covid; 
Latinas are disproportionately represented among the essential workers of the #COVID19 crisis - putting Latinas at higher risk of contracting the coronavirus.  Latina workers need hazard pay ASAP - and the #HEROESAct provides it. It’s past time for the Senate to pass the bill. https://t.co/xVZsghctwb,2020-08-11 18:00:17,Hootsuite Inc.,38,82,covid; corona; 
I have tested positive for COVID-19.   As a result I will be self-isolating in quarantine. I currently have no symptoms feel fine and hope to make a quick &amp; speedy recovery.  COVID-19 is not a joke &amp; we should all take this seriously.   My full statement: https://t.co/nnBskdSyTF,2020-08-01 18:59:58,Twitter Web App,704,2563,covid; 
As #COVID19 continues to impact our communities Congress &amp; the American people must  hear directly from the government’s health experts about how the Administration intends to address this situation.   Join @COVIDOversight now to hear from Dr. Fauci: https://t.co/jQVlBTQ4EU,2020-07-31 13:35:04,Hootsuite Inc.,17,55,covid; 
The #COVID19 pandemic has devastated communities of color disproportionately impacted by long-standing health disparities. We must continue to push for solutions that eliminate health inequities and improve the health and well-being of Latino communities. #HealthEquity https://t.co/dpFCkt3N5z,2020-07-29 17:55:09,Hootsuite Inc.,8,28,covid; 
These vaccine trials are an important step toward ensuring that we can quickly develop a safe vaccine to stop the spread of #COVID19 in our communities &amp; get back to some normalcy. I'm pleased a diverse place like Pima County has been selected. https://t.co/gZd9JZ2jDH,2020-07-28 19:40:04,Hootsuite Inc.,7,20,covid; 
Testing is expanding on the South side of Phoenix. Anyone who needs a #COVID19 test--regardless of your location--should pre-register to receive your tests and face masks.   Help us all stop the spread of COVID-19 in Arizona. https://t.co/FcGKLEJrfB,2020-07-22 16:15:16,Hootsuite Inc.,6,12,covid; 
Border wall construction is still ongoing during the #COVID19 crisis and is destroying the environmental treasures of Southern Arizona.   The waiving of laws that allows construction to continue without any concern for the environment must end. https://t.co/hgwgsHGkRp,2020-07-21 18:30:35,Hootsuite Inc.,10,31,covid; 
Robust testing is the only way that we are going to be able to mitigate the spread of #COVID19.   Trump is putting his political interests over the health and well-being of people in Arizona and other virus hotspots. https://t.co/MJ5XVMOYbO,2020-07-20 17:10:12,Hootsuite Inc.,21,41,covid; 
Evicting families in the middle of a pandemic is immoral cruel and in humane.  Any future #COVID19 stimulus package must include #RentReliefNow for the millions of Americans out of work and unable to pay.  https://t.co/ukvxHPfP38,2020-07-16 22:10:07,Hootsuite Inc.,24,58,covid; 
The less time we spend addressing this crisis now the longer it will last.  We can't normalize the preventable deaths of our neighbors loved ones and friends at the hands of #COVID19.   Stay home practice social distancing and wear a mask in public. https://t.co/VPYO9P52eL,2020-07-15 17:05:13,Hootsuite Inc.,19,49,covid; 
The #COVID19 outbreak in Arizona is serious.   Please follow CDC guidelines continue practicing social distancing wear a mask and listen to healthcare officials telling all of us to stay home. https://t.co/07JAjlZk6j,2020-07-13 16:40:07,Hootsuite Inc.,10,34,covid; 
Arizona's #COVID19 response has been a failure on the part of the State and the White House and nowhere is that more evident than in testing capacity.  We need FEMA to coordinate with the state on a testing blitz to keep our communities safe. https://t.co/eHKmDgeWXE,2020-07-08 16:06:16,Hootsuite Inc.,10,39,covid; 
If you haven't been taking #COVID19 seriously it's time to get it together and do so.  Arizona's cases are surging and hospitalizations are rising.  STAY HOME practice social distancing and WEAR A MASK in public. https://t.co/0mmB0Swkbc,2020-07-07 19:15:15,Hootsuite Inc.,5,16,covid; 
This is a national disgrace.  Testing is how we identify treat and trace #COVID19; and the massive failure of the Trump Administration to ensure adequate testing for new hot spots has put our communities at risk. https://t.co/mpoTBVvelK,2020-07-07 17:30:51,Hootsuite Inc.,11,27,covid; 
Just because you're young doesn't mean you're immune to #COVID19.   Please stay home practice social distancing and wear a mask when you're in public.   You can help stop the spread of the virus and keep our communities safe. https://t.co/t0ZMJxCL4m,2020-07-06 18:50:13,Hootsuite Inc.,21,44,covid; 
Testing is one of the only tools we have to prevent more Americans from dying from #COVID19.   It’s time for Trump to help our communities invoke the DPA and ensure that labs have the reagents they need to adequately conduct tests. https://t.co/WxmEOCNnLs,2020-07-02 14:59:13,Twitter for iPhone,17,48,covid; 
Arizonans don't need a useless photo op.   We need funding for hospitals robust testing and contact tracing and real leadership to stop the spread of #COVID19.  The Trump Administration has recklessly endangered the lives of all Arizonans. https://t.co/NNxWXmGgQx,2020-07-01 15:35:11,Hootsuite Inc.,93,315,covid; 
#COVID19 still threatens the health of all Arizonans.   Follow the latest recommendation practice social distancing and wear a mask.   https://t.co/8eR4rMkCr9,2020-06-30 17:25:12,Hootsuite Inc.,4,13,covid; 
Native American Nations are some of the hardest hit communities in the country from #COVID19 yet relief funds have been slow to arrive--if at all.   As we continue fighting this pandemic we cannot leave Native youth behind. https://t.co/OEyeFjy3uw,2020-06-29 19:25:06,Hootsuite Inc.,17,29,covid; 
The state put the interests of the business community over the health &amp; well-being of everyday Arizonans.  With cases rising it's now up to us as Arizonans to stay home wear a mask in public and stop the spread of #COVID19. https://t.co/Eg45vTGu99,2020-06-26 21:35:04,Hootsuite Inc.,19,63,covid; 
Just a reminder that as #COVID19 ravages communities across the country and is currently surging in my home of Arizona Trump and Congressional Republicans are working to rip healthcare away from millions of vulnerable people without a replacement plan. https://t.co/zI3ZBGbSJW,2020-06-26 20:10:12,Hootsuite Inc.,8,15,covid; 
Widespread testing is critical for Arizona to getting the #COVID19 outbreak under control and ensuring the existing health disparities are not exacerbated in the process. Proud to join my colleagues in this effort. https://t.co/bfY5tudqhJ,2020-06-26 18:45:19,Hootsuite Inc.,5,17,covid; 
ATTENTION VETERANS: Due to the current spike in #COVID19 cases SAVAHCS out-patient clinics across Southern Arizona are currently limiting in-person services. Please visit the link below for more information. https://t.co/MGcWCxnp7f,2020-06-26 17:45:16,Hootsuite Inc.,3,13,covid; 
#COVID19 is not a joke and is rapidly spreading in Arizona.   Use common sense stay home when you're sick and wear a mask in public.  We can all take actions to stop the spread of COVID-19 and keep our communities safe. https://t.co/Enr8sbOetr,2020-06-25 16:25:11,Hootsuite Inc.,4,9,covid; 
It's absolutely idiotic to claim that the border wall has stopped #COVID19 in Arizona as positive cases continue to skyrocket and even those constructing the wall have contracted the virus.  More ridiculous lies to justify his useless vanity wall. https://t.co/XifZRxyOlt,2020-06-24 19:15:35,Hootsuite Inc.,71,138,covid; 
The threat posed by #COVID19 is real. The number of cases &amp; hospitalizations is spiking and we should all be doing our part to stop the spread in our communities.   Wear a mask continue social distancing and stay home &amp; call your doctor if you are sick. https://t.co/DjhNw1S6u4,2020-06-24 16:10:17,Hootsuite Inc.,5,18,covid; 
Once again Trump and Stephen Miller are using the cover of a pandemic to implement their anti-immigrant agenda. This is nothing more than a distraction for his failure to handle the #COVID19 crisis. https://t.co/nrcGXLTpKG,2020-06-23 19:40:09,Hootsuite Inc.,28,62,covid; 
As COVID-19 spreads among the crews constructing his border wall and threatens to impact small border communities who do not have the infrastructure to deal with a #COVID19 outbreak Trump is stopping in Yuma for applause.  https://t.co/DXBnkQYgHZ,2020-06-23 16:28:12,Twitter Web App,16,22,covid; 
Arizonans have a front-row seat to the failures of the Trump Administration whether it's his inability to get us the resources we need to mitigate the spread of #COVID19 or the construction of his useless vanity wall along the border. https://t.co/OT9gOMqhyL,2020-06-23 16:28:11,Twitter Web App,27,72,covid; 
Las personas en Arizona tiene asiento en primera fila para ver los fracasos de la administración Trump incluyendo el no conseguirnos los recursos para luchar contra la pandemia del COVID-19 y la rampante construcción de un inservible muro de vanidad https://t.co/rHWA8Ag4jb,2020-06-23 15:25:11,Hootsuite Inc.,5,14,covid; 
By essentially ignoring the risks of #COVID19 the Trump Administration is endangering the health of our communities--especially here in Arizona.   Please continue to practice social distancing stay home if you are sick and wear a mask in public. https://t.co/rcbRL6kp2U,2020-06-22 16:10:16,Hootsuite Inc.,7,19,covid; 
The #COVID19 crisis is worsening in Arizona.   We need more leadership and action at the federal level to ensure more testing not the anti-science ramblings of an unstable president who is endangering our communities. https://t.co/VAClyBTvqo,2020-06-21 02:06:41,Twitter for iPhone,25,61,covid; 
Masks are critical to stopping the spread of #COVID19 and saving lives.   We should all be wearing them in public places to keep our friends family and loved ones safe. #MaskUpTucson #MaskUpAZ https://t.co/GF4mN98DSR,2020-06-17 22:22:48,Twitter for iPhone,15,50,covid; 
The @CDCgov advises that wearing cloth masks in public settings can help people who may have #COVID19 and do not know it from transmitting it.   My mask protects you and your mask protects me. #MaskUpAZ https://t.co/PH5Rjxxgwp,2020-06-17 18:05:31,Hootsuite Inc.,18,41,covid; 
Make no mistake farmworkers are the unsung heroes of our communities who pick the food that all of us enjoy on our tables.   I'm proud to join my colleagues in calling for more protections for farmworkers during #COVID19. https://t.co/uGsiwkgHlJ,2020-06-17 13:43:38,Twitter Web App,48,144,covid; 
Important #COVID19 Info for Small Businesses.   The SBA has reopened its Economic Injury Disaster Loan and EIDL Advance Program to small businsesses and nonprofits. If your small business is hurting due to COVID-19 submit your application today. https://t.co/eRjhv7cCRj,2020-06-16 20:35:06,Hootsuite Inc.,9,10,covid; 
Puerto Rico has been devastated by Hurricane Maria earthquakes and Coronavirus. For the next ten years access to Medicare Medicaid and other federal programs depends in part on 2020 Census data.  Complete the #2020Census today!,2020-06-16 18:40:07,Hootsuite Inc.,11,28,corona; 
Ignoring a virus that is still killing Americans so that you can hold ridiculous campaign rallies is not leadership.   States still need a unified response to combat #COVID19 and keep their communities safe. https://t.co/fS1mPtjSnv,2020-06-13 18:45:13,Hootsuite Inc.,9,45,covid; 
Speaking with @kgun9 this morning about the #COVID19 pandemic in Arizona the death of George Floyd and new legislation in Congress to tackle police brutality. https://t.co/yACuuZAGAr,2020-06-12 16:05:35,Twitter for iPhone,5,21,covid; 
The people of Puerto Rico need &amp; deserve debt relief a prosperous economy &amp; an efficient public sector.  We're examining how #Coronavirus impacts #PROMESA and economic recovery on the Island.  Watch @NRDems virtual hearing to prioritize Puerto Rico ➡️ https://t.co/0HCd1JOLQA https://t.co/DXpZNhRMCl,2020-06-11 19:32:34,Twitter Web App,10,23,corona; 
Wearing a mask is critical to help mitigate the spread of #COVID19 in our communities.   With rising cases and hospitalizations in Arizona please continue to wear a mask wash your hands practice social distancing and follow CDC guidelines. https://t.co/fH4ipuEEgB,2020-06-11 19:10:12,Hootsuite Inc.,10,23,covid; 
I remain concerned with the #COVID19 situation in Arizona in terms of positive cases and hospital capacity.   If you are feeling sick STAY HOME call your doctor and get tested.  https://t.co/zr8dDRC7UN,2020-06-09 19:35:08,Hootsuite Inc.,8,28,covid; 
As we rebuild our economy after #COVID19 our economic stimulus plans should address #ClimateChange create good paying jobs &amp; put #PeopleOverPolluters.  Join our LIVE @NRDems virtual roundtable as we discuss solutions  https://t.co/zDH5mhUnI2 https://t.co/ekiGkmOV2G,2020-06-09 18:35:59,Hootsuite Inc.,2,5,covid; 
Communities of color have been disproportionately hard hit by the #COVID19 outbreak.   Government relief funds must address this and I'm proud to join my colleagues in getting relief to the communities that need it the most. https://t.co/1GQZuNpKRT,2020-06-08 23:25:04,Hootsuite Inc.,3,7,covid; 
Just as we've mobilized resources to fighting COVID-19 so too must we combat the virus of American racism.   Check out my op-ed about the steps we must take to not just end police brutality but end systemic racism in our institutions. https://t.co/smHMOBYtr0,2020-06-08 21:55:12,Hootsuite Inc.,13,38,covid; 
Yes our communities are reopening but the threat of #COVID19 remains. Please continue to practice social distancing wear a mask in public and follow the CDC recommended guidelines to keep our communities safe. https://t.co/FzLCXE89Jp,2020-06-08 19:40:07,Hootsuite Inc.,5,7,covid; 
#COVID19 is ravaging indigenous peoples in Brazil but loggers remain hellbent on destroying their land. Deforestation is already up 55% over last year.   As U.S. Congresspeople we are joining the Brazilian indigenous movement &amp; civil society to say #PL2633NÃO! https://t.co/L2SxUgJm8C,2020-06-02 12:10:07,Hootsuite Inc.,64,155,covid; 
I agree with my colleague @RepEscobar. #DACA recipients are currently working as essential workers on the frontlines of the #COVID19 pandemic while the Trump Administration is ripping their legal protections from right under them.   This must end.  https://t.co/mIqYG68Vwd,2020-06-02 00:15:06,Hootsuite Inc.,15,28,covid; 
When clean energy companies are struggling through #COVID19 Trump does nothing.   When oil and gas try to cut their royalties and delay payments they get a free pass.   The White House must reject this request from fossil fuel companies. https://t.co/rHW70zLYFH,2020-05-29 00:30:18,Hootsuite Inc.,11,26,covid; 
This is not what Congress intended for CARES Act funding.  Under the cover of #COVID19 Betsy DeVos is furthering her agenda to provide massive amounts of taxpayer dollars to private schools at the expense of public schools that need it more.  https://t.co/jWHCRKt04p,2020-05-28 19:55:05,Hootsuite Inc.,19,29,covid; 
Essential workers deserve workplace protections that minimize their risk for contracting #COVID19. I stand with essential workers fighting to keep their work environments safe and themselves and their coworkers healthy. https://t.co/Zxi7fyJjlr,2020-05-26 20:40:10,Hootsuite Inc.,11,28,covid; 
It is in the best interest of public health in our communities for nursing homes to release their #COVID19 data to the public.   I joined my colleagues in this effort to ensure greater transparency while protecting some of our most vulnerable. https://t.co/H7L57jJpDI,2020-05-26 20:01:27,Twitter for iPhone,5,17,covid; 
We need to understand how COVID-19 is impacting the LGBTQ community.  I led my colleagues in a letter to HHS urging them to collect data on LGBTQ patients to ensure that our policy solutions reflect the unique needs of all those impacted by #COVID19. https://t.co/ghVueQ8CtY,2020-05-21 19:45:10,Hootsuite Inc.,4,7,covid; 
#DACA recipient are on the frontlines of the #COVID19 crisis working to save lives while Trump is trying to rip their legal status away from them.   It's time to pass the Dream and Promise Act and give these young people a pathway to citizenship. https://t.co/MRVRNx2OMP,2020-05-20 18:10:08,Hootsuite Inc.,33,70,covid; 
I share these frustrations and that's why I fought to include funding for smaller cities towns and rural areas in the #HeroesAct.   #COVID19 doesn't just impact big cities and our relief efforts should reflect that. https://t.co/dWNnbLMVVi,2020-05-19 22:50:04,Hootsuite Inc.,5,13,covid; 
Decades of neglect from the federal government created the perfect storm for #COVID19 to wreak havoc on Indian Country. The Navajo Nation now has the worst outbreak in the country and it is critical for federal resources to arrive as quickly as possible. https://t.co/VAxlBFscvE,2020-05-19 19:20:05,Hootsuite Inc.,42,72,covid; 
.@HouseDemocrats just passed the #HeroesAct which sends $24 billion to tribal governments and organizations to protect them from #COVID19.   The Trump administration has left them alone to struggle with high infection rates. We won’t let that continue. https://t.co/dkkZ6JcFC5,2020-05-16 01:56:03,Twitter Web App,44,78,covid; 
Tribes have suffered extreme hardship during the #COVID19 outbreak. That's why I pushed for the #HeroesAct to provide additional funding to Indian Country as Native communities face the #coronavirus pandemic. https://t.co/GXP6cakWkX,2020-05-15 20:30:20,Hootsuite Inc.,12,32,covid; corona; 
These UArizona students used their creativity and passion to provide an important service to Tucson's Latino community and informed them of social distancing procedures and #COVID19 prevention measures in Spanish. Thank you for your work! https://t.co/sXcbvqVOhB,2020-05-15 19:10:09,Hootsuite Inc.,5,20,covid; 
This shameful publicity stunt it nothing more than a pathetic attempt to deflect from Trump’s failure to adequately address the #COVID19 pandemic and keep Americans safe.   Border wall construction must end. #NoBorderWall https://t.co/bt8q6qsjDC,2020-05-13 21:15:08,Hootsuite Inc.,43,93,covid; 
.@HouseDemocrats are working #ForThePeople to make sure communities have the resources they need to fight this pandemic.   This #HeroesAct funding for #CoronavirusIndianCountry will support tribes with improved testing and provide resources they desperately need. https://t.co/gJVqvfQFTy,2020-05-12 20:07:56,Twitter Web App,0,10,corona; 
#COVID19 has devastated Navajo Nation and tribes across the country need our help to combat the outbreak.   I'm working with my colleagues in @NRDems to ensure that tribes receive the funding they need keep their communities safe. https://t.co/ADBKoQXIHj,2020-05-12 18:40:06,Hootsuite Inc.,17,38,covid; 
While Trump is trying to rip DACA protections away and bar recipient from any federal relief thousands are working on the frontlines of the #COVID19 crisis in our communities.   They deserve relief and protection. https://t.co/3UbPJ2wtJz,2020-05-11 18:30:24,Hootsuite Inc.,12,25,covid; 
Perhaps it's the lack of workplace protections &amp; access to testing that is responsible for the outbreaks in meatpacking plants--not the workers themselves. The excuses the Trump Admin makes for their lack in any coherent #COVID19 strategy are ridiculous.  https://t.co/Br8UCx0pLR,2020-05-07 21:40:03,Hootsuite Inc.,7,13,covid; 
Trump's proposed payroll tax cut would harm Social Security and benefit corporations &amp; the wealthy.   I joined @RepJohnLarson on the Emergency Social Security Benefits Improvement Act to ensure we help our seniors through #COVID19. #ExpandSocialSecurity https://t.co/ZKSGhGRkLi,2020-05-07 17:10:17,Hootsuite Inc.,41,47,covid; 
Throughout the #COVID19 pandemic nurses have served on the frontlines of caring for our family members friends &amp; neighbors--putting their own safety at risk  Take some time this week to join me in saluting our nurses who make our communities great. Happy National Nurse Week! https://t.co/O8N4ZbLHvU,2020-05-07 16:59:00,Twitter Media Studio,3,25,covid; 
Instead of actually working to help schools students and teachers recover from the #COVID19 pandemic Secretary DeVos is more concerned with silencing victims of sexual assault on college campuses.   This is shameful. https://t.co/FmtUpuzGD5,2020-05-06 23:20:03,Hootsuite Inc.,19,48,covid; 
Undocumented students have also felt the impacts of the disruptions in their education caused by #COVID19.  The virus doesn't discriminate so neither should our response.  I joined @RepLouCorrea @RepJayapal to demand students get the relief they need. https://t.co/60kiFBTKuf,2020-05-04 20:30:18,Hootsuite Inc.,1,8,covid; 
Before he comes to Arizona I hope President Trump reads this. His #COVID19 response in Indian Country has been a total failure.  He should be focused on getting them the relief they need to keep their communities safe. https://t.co/ATnFrcxLy7,2020-05-01 21:30:18,Hootsuite Inc.,56,95,covid; 
I agree. As #COVID19 worsens frontline postal workers remain vulnerable &amp; our post offices require immediate support to maintain deliveries for customers who are following social distancing guidelines.   We must provide emergency relief now to #SupportUSPS https://t.co/3pegApLiAC,2020-05-01 15:14:51,Twitter Web App,58,165,covid; 
.@NRDems are hosting a virtual roundtable on Trump’s #Coronavirus failures in Puerto Rico Guam the Commonwealth of the Northern Mariana Islands the U.S. Virgin Islands and American Samoa.   Watch live➡️https://t.co/TCSnmlLrhe https://t.co/KGYvlxdl70,2020-04-29 22:06:30,Twitter for iPhone,6,13,corona; 
Reopening meatpacking plants without providing any sort of workplace protections or protective gear is a recipe for disaster.   Workers have already died of #COVID19 and this will only make the situation worse. https://t.co/rSQhwD5uOU,2020-04-29 18:40:05,Hootsuite Inc.,16,30,covid; 
#Coronavirus is killing communities of color at a disproportionate rate.   Today I’m talking about #EnviroJusticeNow with @RepLowenthal @RepMcEachin @RepDebHaaland &amp; experts. Join us LIVE ➡️ https://t.co/rk20UIHmJ3 https://t.co/AmrVfp1q8m,2020-04-28 17:05:09,Hootsuite Inc.,14,30,corona; 
Introducing Trump’s pick to head a new #COVID19 task force. https://t.co/lT1T9FRBlW https://t.co/SIvG9tUSX0,2020-04-24 22:57:52,Twitter for iPhone,19,60,covid; 
I've heard from constituents in Ajo that they are concerned an outbreak of #COVID19 among construction crews building the border wall would be disastrous for their communities.   It's time to halt border wall construction and protect border residents. https://t.co/tu05vA6pqd,2020-04-24 20:20:05,Hootsuite Inc.,13,31,covid; 
Proud to join my colleagues during #NationalLibraryWeek to ensure that our libraries receive the funding they need to not only get through this crisis but play an active role in our recovery after #COVID19. https://t.co/R2gitqr7jC,2020-04-24 18:23:04,Twitter Web App,17,48,covid; 
#COVID19 is the biggest crisis we’ve faced in a generation. Now is the time for a bold government response that reflects its severity and makes us stronger once this crisis ends.   A status quo response will not achieve that. (6/6),2020-04-23 23:05:26,Twitter Web App,2,8,covid; 
THREAD: Congress did what it needed to do today to increase funding for Paycheck Protection Program strengthen disaster relief loans and get hospitals the immediate aid they desperately need to combat COVID-19 in our communities. But more must be done. (1/6) https://t.co/s9fIBnwCmv,2020-04-23 23:05:25,Twitter Web App,9,22,covid; 
In America a person’s zip code should not determine their health outcomes. Yet communities disproportionately exposed to pollution are suffering from #Coronavirus at higher rates.  On #EarthDay I stand with @RepMcEachin &amp; @HouseDemocrats to keep protecting our planet for all. https://t.co/fDBJKsTHxl,2020-04-22 15:15:16,Hootsuite Inc.,17,36,corona; 
Navajo Nation has the 3rd highest number of cases per capita in the country &amp; the relief allocated to them under the CARES Act is moving unacceptably slow.   Indian Country matters &amp; the Administration must get them the funds they need to combat #COVID19. https://t.co/fhYM5LklA3,2020-04-21 20:50:04,Hootsuite Inc.,18,46,covid; 
This isn't about protecting jobs. It's about xenophobia.   President Trump's response to #COVID19 is a national disgrace and now he's using the crisis to implement his anti-immigrant agenda. We should instead be focused on access to testing and treatment. https://t.co/Av5LgAn018,2020-04-21 19:30:15,Hootsuite Inc.,17,28,covid; 
Remember the #RemainInMexico program?  16000 kids are trapped in crowded refugee camps without proper medical care while forced to await their asylum claims in Mexico during the #COVID19 pandemic.   We should reunite families immediately. #SafeAndTogether https://t.co/wSGHUIoJ9P,2020-04-21 18:55:07,Hootsuite Inc.,32,56,covid; 
Immigrants are helping keep our economies afloat in essential jobs yet are restricted from relief programs.   The Coronavirus Immigrant Protection Act would ensure that they are treated equally during the coronavirus pandemic. #NationOfImmigrants https://t.co/8Y9qc4rHGW,2020-04-20 18:20:11,Hootsuite Inc.,15,39,corona; 
In the same way that Trump weakened our health care system &amp; refused to listen to experts on #Coronavirus he’s spent the last 3 years weakening safety regulations.  #DeepwaterHorizon could have been prevented if Big Oil had chosen to #ProtectOurCoast rather than its own profits. https://t.co/g5daWoJ0sH,2020-04-20 16:44:58,Twitter Web App,71,145,corona; 
Immigrants are working in many of the essential jobs keeping our economy afloat during this crisis and their economic situation is suffering just like the rest of us.   #COVID19 doesn't discriminate and neither should our response. https://t.co/uPYYlsnVzS,2020-04-17 21:35:04,Hootsuite Inc.,12,38,covid; 
The CDC recommends using a face covering when out in public to help mitigate the spread of #COVID19 in our community.   Check out these creative masks from Tucson residents and how their lives have changed under the outbreak.  https://t.co/ng13gkd7fm,2020-04-17 19:00:37,Hootsuite Inc.,4,18,covid; 
HAPPENING NOW: Join @NRDems for a unique #CoronavirusIndianCountry event w/ Native speakers on fighting to save lives &amp; jobs while the president ignores them. https://t.co/2oX6bQopzd https://t.co/WFfBue4Ulp,2020-04-17 17:12:05,Twitter for iPhone,7,12,corona; 
I’m hosting an @NRDems livestreamed roundtable today on how tribal communities are dealing with #Coronavirus.  Join us for a unique #CoronavirusIndianCountry event w/ Native speakers on fighting to save lives &amp; jobs while the president ignores them. https://t.co/2oX6bQopzd,2020-04-17 15:00:58,Hootsuite Inc.,8,15,corona; 
Border wall construction is not essential and a #COVID19 outbreak among large construction crews could quickly overwhelm small border towns.   It's time to stop building the wall and start protecting the health of border residents. https://t.co/Cb4AbNrWDJ,2020-04-16 20:05:07,Hootsuite Inc.,75,106,covid; 
Migrant children are already at risk in detention and the Trump Administration is defying a court order to release them.   I joined my colleagues to demand a quick release of these minors from detention to stop the spread of #COVID19. https://t.co/fcEYO9Q8Ak,2020-04-15 22:20:03,Hootsuite Inc.,67,126,covid; 
-More disaster loans -Support for rural and underserved communities  -Access to SBA programs for farmers  Any #COVID19 relief bill must include these fixes if we want to help small businesses weather this crisis. https://t.co/sDgH8Qrmna,2020-04-15 15:50:09,Hootsuite Inc.,2,5,covid; 
Many immigrants are already working in fields deemed 'essential' and have paid taxes for years yet will be excluded from federal relief.   I introduced legislation that would not allow our response to #COVID19 to discriminate against immigrants. https://t.co/ic1yh2JMuX,2020-04-15 00:20:04,Hootsuite Inc.,35,90,covid; 
Don't let #COVID19 get in the way of communicating with your loved ones.   Pick up the phone give them a call and Facetime them. Just because you're practicing social distancing does not mean you need to practice emotional distancing. https://t.co/hZFcqtSOZq,2020-04-13 21:30:18,Hootsuite Inc.,4,9,covid; 
Clean air regulations are helpful in the long-term and could lower the likelihood of death from illnesses like #COVID19.   If they save lives and keep communities healthy why is the Trump Administration intent on rolling them back? https://t.co/Wkb38EhrDc,2020-04-13 20:55:05,Hootsuite Inc.,12,26,covid; 
Custodians are also essential workers during the #COVID19 outbreak and are working in grocery stores hospitals and other essential businesses to stop the spread of the virus.   Thank you for all of your hard work! https://t.co/VzQtTnocty,2020-04-13 18:20:06,Hootsuite Inc.,3,20,covid; 
The people in border communities like Ajo know that they do not have the infrastructure to handle a large outbreak of #COVID19.   That's why construction crews for Trump's wall congregating there can be so dangerous.   It's time to stop wall construction. https://t.co/SzlZATyd6X,2020-04-10 21:35:05,Hootsuite Inc.,20,40,covid; 
Immigrant workers are first responders. They're farmworkers picking the food that ends up on our tables. They're working in grocery stories and delivery services.   They deserve #COVID19 relief too. https://t.co/vKlPxYtXkR,2020-04-10 19:30:22,Hootsuite Inc.,15,28,covid; 
Check out this helpful guidance from Arizona health professionals on the appropriate safe masks and face covers you can use to help stop the spread of #COVID19.   Please remember to save medical-grade masks for frontline health workers. https://t.co/bC20WATw8A,2020-04-09 20:20:05,Hootsuite Inc.,7,14,covid; 
Small border communities where border wall construction crews are congregating do not have the infrastructure to deal with a large outbreak of #COVID19.   In order to build his wall Trump is putting the health of our communities at risk. https://t.co/RN8sR37TBz,2020-04-09 19:05:12,Hootsuite Inc.,51,70,covid; 
We're hearing more and more stories like these. Young people are not immune to severe #COVID19 symptoms.  Please #StayHome practice social distancing and follow CDC guidelines to keep yourself and your families safe. https://t.co/6xBNscc5la,2020-04-09 16:25:07,Hootsuite Inc.,12,16,covid; 
Stories like Ingrid's are all too common. She's undocumented pays taxes using an ITIN but is blocked from receiving any relief under the current #COVID19 relief. My legislation will help workers like her make it through this crisis.  https://t.co/2Yhuv5usAH,2020-04-08 23:20:05,Hootsuite Inc.,6,26,covid; 
As the country shuts down to stop the spread of #COVID19 construction on Trump’s vanity wall with billions of dollars in stolen funds continues. The presence of large construction crews in small border towns threatens the health of border residents. https://t.co/LCV7MEGYJE,2020-04-08 23:08:51,Twitter Web App,182,215,covid; 
Smaller cities like Yuma are not getting the resources or protective equipment they need to combat the #COVID19 outbreak.   The next stimulus bill must ensure smaller communities receive the resources to protect frontline workers and care for the sick. https://t.co/i5SmxuAOub,2020-04-08 16:05:13,Hootsuite Inc.,6,26,covid; 
Hospitals on the frontlines of this crisis have yet to see the federal funds provided to them under the CARES Act. I joined my colleagues to urge the HHS to distribute the funds as soon as possible to hospitals already confronting #COVID19. https://t.co/6os5rrkcor,2020-04-08 01:15:06,Hootsuite Inc.,8,24,covid; 
#COVID19 in Indian Country should not be left out of the conversation.   I'm working with my colleagues in Congress to get resources to Indian Country and ensure the Indian Health Service is equipped with what they need to help their communities recover.   https://t.co/weoNHXA63p,2020-04-08 00:25:03,Hootsuite Inc.,13,28,covid; 
If we're going to rely on blue-collar essential workers to keep our economy afloat we should provide them with the hazard pay and required workplace protections they deserve and not exacerbate existing inequalities.   Any future #COVID19 legislation must includes this. https://t.co/fNUC6lvCtI,2020-04-07 19:45:07,Hootsuite Inc.,48,156,covid; 
COVID-19 does not care about your immigration status  so neither should our response. My legislation will prohibit discrimination when accessing COVID-19 relief programs and get economic assistance to all families—regardless of their immigration status. https://t.co/wcbQb7GNbX,2020-04-06 23:30:15,Hootsuite Inc.,34,76,covid; 
Rural communities and smaller cities need relief and funds to combat #COVID19 too. Guidance for the Coronavirus Relief Fundin the CARES Act must ensure that those living in smaller cities and rural areas are not left behind. https://t.co/U2GlRNdeIp,2020-04-06 17:40:11,Hootsuite Inc.,4,11,covid; corona; 
I've sent letters to Secretary Mnuchin and Speaker Pelosi to ensure that rural communities and small cities are not left behind in the distribution of #COVID19 relief.   The virus doesn't discriminate and neither should our response.  https://t.co/VO8cvJjIrc,2020-04-03 20:30:19,Hootsuite Inc.,5,12,covid; 
Sick people need to stay home from their jobs and stop the spread of #COVID19.  If the Trump Administration is serious about stopping the pandemic then they shouldn't try to undermine the paid leave provisions Congress enacted. https://t.co/3qcpNs7GzK,2020-04-03 19:30:21,Hootsuite Inc.,23,28,covid; 
The last thing we want is for #Coronavirus to “find a refuge” in #IndianCountry where government neglect has led to weak health care infrastructure &amp; sometimes no running water.  Not preparing for a disaster means the most vulnerable suffer the worst.  https://t.co/WX8zkBL5UR,2020-04-02 17:30:26,Hootsuite Inc.,36,34,corona; 
Republicans wanted to scale back relief for Native Americans. The White House wanted to give $0 to tribes.  Democrats have secured $10 billion for #CoronavirusIndianCountry relief.  We're working to ensure ALL Americans access #COVID19Pandemic resources. https://t.co/PlRLREhA0L,2020-04-02 15:01:25,Twitter Web App,456,1017,covid; corona; 
Women are on the frontlines of the #COVID19 epidemic in our communities as doctors nurses grocery workers and custodians.  Women’s labor is what keeps our nation &amp; economy running. #EqualPayDay.  https://t.co/pY35P8JzDj,2020-04-01 01:20:04,Hootsuite Inc.,9,30,covid; 
Abbey drew sidewalk chalk messages on encouragement to healthcare workers on the frontlines of combating #COVID19 in our communities in Oro Valley.  Some of us may not be able to do much from our homes but we can offer them gratitude anyway that we can. https://t.co/WZIUHuXSfp,2020-03-31 22:55:04,Hootsuite Inc.,8,16,covid; 
There's been a historic failure to adequately respond to crises in Indian Country and we cannot let our response to #COVID19 be the same.   I'm working with my colleagues to ensure that Indian Country has the resources they need to combat this crisis. https://t.co/RxDsm4Cjz5,2020-03-30 17:55:10,Hootsuite Inc.,29,77,covid; 
It is shameful that the EPA is using #COVID19 as an excuse to allow polluters more leeway to dirty our air an water.   These regulations help protect us and should remain in place. https://t.co/z47sttICZU,2020-03-28 00:35:04,Hootsuite Inc.,82,119,covid; 
Some people will use a crisis like #COVID19 to shamelessly scam people with bogus services and products. The state has released a guide of some of the scams seen in Arizona. Please remain alert protect yourself and report any scams immediately.  https://t.co/NVKcpQJfEv,2020-03-27 23:25:04,Hootsuite Inc.,13,14,covid; 
My office is continuing to work #ForThePeople of #AZ03 during this time.   Please visit my website for important local and state resources during the #COVID19 outbreak. https://t.co/xUiUpySzBM https://t.co/IJbLIkWYjX,2020-03-27 18:44:51,Twitter Web App,0,3,covid; 
The House passed the CARES Act which will help millions of Arizona's working families &amp; small businesses receive the aid they need during this time and ensure that hospitals and frontline healthcare workers have the resources they need to combat #COVID19.  https://t.co/89A7ZmKcKN,2020-03-27 18:44:50,Twitter Web App,4,9,covid; 
Have you lost your job due to #COVID19? Pima County has launched a hotline for unemployed workers to answer questions and assist them with the online application for unemployment benefits. Call 520-724-5735 to speak to a representative. https://t.co/LlhmCxmXUP,2020-03-27 00:20:05,Hootsuite Inc.,7,12,covid; 
While social distancing is extremely important to mitigating the spread of #COVID19 it can also cause isolation and anxiety.   Please make sure to check in on your family friends and loved ones during this time and take care of your mental health. https://t.co/glFdfhHpBT,2020-03-26 21:35:04,Hootsuite Inc.,13,40,covid; 
Para más información sobre #COVID19 la oficina del Gobernador del Estado lanzó #AZUnido un centro de ayuda y recursos para atender sus consultas. https://t.co/nk6eewqHc0,2020-03-25 22:15:07,Hootsuite Inc.,2,4,covid; 
For more Arizona-specific information concerning #COVID19 Governor Ducey's office launched the #AZTogether resource center to answer your questions.    You can also call the new hotline &amp; dial 2-1-1 to receive answers regarding testing symptoms &amp; more. https://t.co/xj9IJHVPYk,2020-03-25 21:45:08,Hootsuite Inc.,13,19,covid; 
We cannot allow hospitals to become the new epicenters of the #COVID19 and put frontline health care workers and their families at greater risk.   Doctors and nurses need protective equipment now. https://t.co/SRceLigwZN,2020-03-25 19:20:05,Hootsuite Inc.,7,16,covid; 
Indian Country has been ignored for far too long and we can't allow #COVID19 to spread through their communities and not provide them with the resources they need to combat it.   I spoke with IHS yesterday to discuss their response plan.  https://t.co/X5MWFQN8Ix,2020-03-25 16:05:13,Hootsuite Inc.,35,98,covid; 
Reviewing Senate’s #StimulusPlan with a careful eye on resources for #CoronavirusIndianCountry.   I'll keep urging @WhiteHouse &amp; Senate GOP to prioritize Native communities that don't have what they need.   Without swift action coronavirus in Indian Country will only get worse. https://t.co/xuxHCb9sIG,2020-03-25 16:00:04,Twitter Web App,17,36,corona; 
There is a great deal of misinformation about #COVID19 treatments that are endangering lives.   Please only follow the instructions of doctors and medical professionals for any treatments to keep yourself and your loved ones safe. https://t.co/Lh5ZSk3wNX,2020-03-25 00:25:03,Hootsuite Inc.,5,9,covid; 
Have Arizona-specific questions on #COVID19? Governor Ducey has set up a hotline in English &amp; Spanish to answer questions on testing COVID symptoms and prevention methods.   Call 2-1-1 between 8:00AM &amp; 8:00PM to get answers to your questions. #AZTogether https://t.co/y6vYrD1ESz,2020-03-24 22:20:04,Hootsuite Inc.,29,39,covid; 
We are updating our #COVID19 website daily with important CDC guidance and a collection of local and state resources to help the people of #AZ03 through this difficult time. Please continue following CDC guidance to keep our communities safe. https://t.co/y0gP1Q56dj https://t.co/dfaU7bfa8t,2020-03-24 21:30:17,Hootsuite Inc.,4,6,covid; 
Important Information: You now have until July 15 to file your taxes without any penalties due to the #COVID19 outbreak. https://t.co/mHAvuONNsr,2020-03-23 20:05:10,Hootsuite Inc.,9,20,covid; 
Good News for Arizona: Banner Health is offering drive-thru coronavirus testing at 4 sites--including 1 in Tucson. Patients need to call ahead at 844-549-1851 to determine if testing is necessary. https://t.co/k13ZuXjtbB,2020-03-23 17:40:06,Hootsuite Inc.,28,54,corona; 
Trump’s incompetence during the #COVID19 crisis will put Native American lives at risk. The longer it takes to get them resources they need the higher the death toll will be across Indian Country.   I’m doing everything I can to get them what they need to fight this pandemic. https://t.co/4oHfkgwQOi,2020-03-21 16:25:00,Twitter for iPhone,54,103,covid; 
Small businesses are the backbone of our communities and are suffering during this time. If you're able please continue supporting them as we make it through this crisis.   Don't let #COVID19 take away the places that make our community special. https://t.co/Ul6yfa2vIc,2020-03-20 21:50:05,Hootsuite Inc.,5,19,covid; 
Young adults are not immune to #COVID19.   It is now more important than ever to follow CDC guidelines work from home if you can and practice social distancing to keep yourself your loved ones and your community safe. https://t.co/hfCbustH0O,2020-03-20 19:35:08,Hootsuite Inc.,7,16,covid; 
Tribes need the resources to fight #COVID19.   They need this money now to prepare and have the resources they need to keep their communities safe.    I agree with my colleague @RepRubenGallego: No more delay. https://t.co/TLOIkOd1Pw,2020-03-20 19:12:51,Twitter for iPhone,70,128,covid; 
This is not ok.   We cannot send healthcare workers to fight #COVID19 without keeping them safe in the process.   The President must get serious about invoking the Defense Production Act and produce emergency medical supplies as quickly as possible. https://t.co/0fL81DKHzn,2020-03-20 18:40:06,Hootsuite Inc.,26,61,covid; 
The frontline health care workers currently treating and preparing for #COVID19 cases  are doing everything they can to keep our communities safe.   We should be doing everything to keep them safe and ramping up domestic production of these supplies. https://t.co/M1k33MMKRx,2020-03-20 17:10:07,Hootsuite Inc.,13,27,covid; 
Just because #COVID19 has disproportionately impacted older adults does not mean that younger adults are immune. New CDC data reinforces the need for young people to continue practicing social distancing to mitigate the spread of the virus. https://t.co/hX2qBCeJbD,2020-03-19 18:30:23,Hootsuite Inc.,19,28,covid; 
I am extremely concerned about the impact of #COVID19 on Indian Country and the ability of IHS to respond effectively to this pandemic.   Today I sent a letter to IHS demanding answers and urging them to adapt best practices to meet the needs of tribes.   We need answers. https://t.co/S9yVzfvETd,2020-03-19 01:05:48,Twitter Web App,31,82,covid; 
With rapidly changing information I want to continue to urge constituents who are veterans to continue visiting this website to receive updated guidance from the VA concerning #COVID19. https://t.co/An7QEx3a4J,2020-03-18 21:15:13,Hootsuite Inc.,6,8,covid; 
Joined my colleagues in standing with students and demanding Secretary DeVos provide answers and relief to those students struggling to pay their bills and find housing due to #COVID19. https://t.co/DzKdbJ6s03,2020-03-18 20:27:00,Twitter Web App,11,33,covid; 
Looking for Arizona-specific information on #COVID19?  Please visit the Arizona Department of Health Services for Arizona focused information on the outbreak public health resources and frequently asked questions. https://t.co/rC3VlMbTAa,2020-03-18 19:35:05,Hootsuite Inc.,5,6,covid; 
#COVID19 may bring out some anxiety but it's important to take care of your mental health.   Here are some helpful alternatives to the #COVID19 anxiety spiral while still practicing social distancing. https://t.co/pL5hLpIAyj,2020-03-17 20:40:05,Hootsuite Inc.,25,64,covid; 
We can all play a role in keeping our communities safe and mitigating the spread of #COVID19. Please take the time to:  -Avoid contact with sick individuals.  -Avoid touching your face.  -Thoroughly wash your hands with soap and water. https://t.co/oF8yjsu0lo,2020-03-17 18:45:11,Hootsuite Inc.,7,24,covid; 
Protecting your family friends and loved ones means staying home from work if you are sick and calling your doctor if you exhibit #COVID19 symptoms.   Please visit the CDC website for more information and guidance. https://t.co/4hIKI4SF30 https://t.co/bv1emcGM5E,2020-03-17 17:25:06,Hootsuite Inc.,3,7,covid; 
The best thing you can do to keep your families and communities safe and stop the spread of #COVID19 is to #StayHome and practice social distancing.  https://t.co/S8DDUxt7GU,2020-03-16 18:35:07,Hootsuite Inc.,11,38,covid; 
I encourage all of my constituents who are veterans to read this important information about how the VA is addressing #COVID19 concerns and what to expect at VA health care facilities. https://t.co/nZ0YzDjKKK,2020-03-16 17:30:18,Hootsuite Inc.,11,13,covid; 
We should be doing everything that we can to increase the production of supplies that will save lives and keep frontline healthcare workers safe during the #COVID19 outbreak.  Proud to join my colleague @RepAndyLevin in this effort. https://t.co/spLjISbZUd,2020-03-16 16:07:20,Twitter Web App,17,32,covid; 
Keeping health care workers safe and keeping working families financially secure are some of the best ways that we can keep our communities safe from #COVID19.   The economic relief and safeguards in this bill for families seniors and children will do just that. https://t.co/pnIpl1YwWj,2020-03-14 04:07:12,Twitter Web App,11,46,covid; 
#COVID19 will negatively impact the #2020Census and could potentially result in a historic undercount of difficult to count communities.  Joined my colleague and friend @RepEspaillat in requesting an extension of the Census to ensure that all communities are counted. https://t.co/rOGIzRQjaS,2020-03-13 20:50:58,Twitter Web App,20,39,covid; 
Americans are demanding solutions. Congress needs to deliver by passing the #FamiliesFirst Coronavirus Response Act.   We need to confront this public health crisis with every tool at our disposal.   https://t.co/EKj6EYi4ZX,2020-03-12 20:30:18,Hootsuite Inc.,20,58,corona; 
Anyone exhibiting #COVID19 symptoms should be able to come forward and receive treatment without fear.   Proud to join my colleague @NormaJTorres on this letter calling for an end to the public charge rule.   Immigrants deserve health security too. https://t.co/h6YmXbY9FT,2020-03-12 18:15:11,Hootsuite Inc.,26,67,covid; 
Healthcare workers are on the frontlines of fighting #COVID19 and deserve every protection necessary. Our bill will require OSHA to issue an Emergency Temporary Standard concerning infectious diseases to keep frontline workers safe. https://t.co/kUMVjNHVJp,2020-03-10 20:00:21,Hootsuite Inc.,5,28,covid; 
Outbreaks of disease like #COVID19 disproportionately impact disadvantaged communities like immigrants and those of low-income.   The public charge rule deters immigrants from seeking the health care they need during this time and should not be in effect. https://t.co/6IQY53lSmn,2020-03-09 22:15:14,Hootsuite Inc.,35,58,covid; 
Existen múltiples formas de prevenir la propagación de #COVID19 y son tan sencillas como lavarse las manos y evitar el contacto cercano con personas enfermas. Siga éstas precauciones sugeridas por la CDC para mantener saludables a su familia y amigos. https://t.co/ZYfMzLaNqB,2020-03-09 20:20:08,Hootsuite Inc.,4,5,covid; 
There are numerous ways to prevent the spread of #COVID19 and are as simple as washing your hands and avoiding close contact with people who are sick. Follow these suggested precautions from the CDC to keep your family and friends safe. https://t.co/EusoU81rZl,2020-03-09 19:00:23,Hootsuite Inc.,5,7,covid; 
