This year Georgia 🍑 was won by a Democratic presidential ticket for the first time since 1992. If we keep up that same momentum we can elect Jon @Ossoff and @ReverendWarnock and finally take back control of the Senate -- and our future. Read more &gt;&gt; https://t.co/6jaPnpvulE https://t.co/r8kLH6Qbfy,2020-11-23 20:51:23,Gain Platform,2,3
2020 has been the most deadly year for trans and gender-nonconforming folks. Today Transgender Day of Remembrance we grieve for those we lost and recommit to protecting the community from all forms of violence. Remember their names &gt;&gt; https://t.co/bDkTrzVl0d https://t.co/CV29UFCJ0g,2020-11-20 17:00:39,Gain Platform,2,4
The results from 2 different COVID-19 vaccine clinical trials are showing overwhelmingly positive results. This is a great first step to building confidence with the public. Read more &gt;&gt; https://t.co/aZ0GM8xdFR https://t.co/7FiNMILeey,2020-11-19 17:00:37,Gain Platform,1,1
Colorado just like nearly every state across the nation is experiencing a surge of COVID-19 cases. Work from home if you are able. Go out in public as sparingly as possible wear your mask and practice social distancing. Read more &gt;&gt; https://t.co/eCGyUvL3PF https://t.co/X8nW1jh6YE,2020-11-18 17:00:14,Gain Platform,1,1
As chair of the House Energy and Commerce Oversight and Investigations Subcommittee Diana is ensuring that all safety and efficacy standards and precautions are being met. This is a huge milestone -- but there's still work to do before distribution. https://t.co/S1fXL1b2Q5 https://t.co/s4mkfiIPnO,2020-11-17 16:57:00,Gain Platform,1,1
Thank you @staceyabrams. Stacey is one of the many Black women who built an infrastructure in Georgia that allowed @JoeBiden to go toe-to-toe with Trump and @Ossoff and @RaphaelWarnock to head to runoffs for the U.S. Senate. Read more &gt;&gt;  https://t.co/xPXKrO9H42 https://t.co/soTUX2Tv3o,2020-11-13 17:00:06,Gain Platform,1,1
"While I may be the first woman in this office I will not be the last. Because every little girl watching tonight sees that this is a country of possibilities." Truly moving words from VP-elect @KamalaHarris. Watch her entire speech here &gt;&gt; https://t.co/R84S02KAWy https://t.co/Hvc2blL8BK,2020-11-12 17:00:37,Gain Platform,1,3
Thank you to all veterans across Colorado and the country who selflessly served this nation. I will not stop working to fulfill the promise made to you -- to provide medical care and mental health treatment job placement and the hard-earned benefits that you so deserve.,2020-11-11 17:00:38,Gain Platform,1,2
To each and every one of you who advocated organized and refused to allow hate and division to be this nation's north star — thank you. Read Diana's note here » https://t.co/wvzh4uRrDV https://t.co/o62aWOjLY9,2020-11-07 17:35:54,Gain Platform,2,3
I am honored and excited to get to work for the American people with President-Elect @JoeBiden and Vice President-Elect @KamalaHarris #copolitics #BidenHarris2020,2020-11-07 17:09:00,Twitter Web App,4,15
Congratulations to the new Speaker of the Colorado House of Representatives @AlecGarnett! #copolitics,2020-11-06 16:04:00,Twitter Web App,1,8
Election are about counting votes. It's really that simple. #RewardsForPatience,2020-11-06 15:44:07,Twitter Web App,1,12
We are delighted to have you on the team. Together we can do great things for Colorado. https://t.co/Fhuk7Gv6RX,2020-11-06 15:37:23,Twitter Web App,3,15
It is important that every vote is counted. We are in a great position to win this election for @JoeBiden. Patience is difficult but important. I'm feeling good about where we are this morning.,2020-11-04 16:26:03,Twitter Web App,2,15
Thank you to the voters of Congressional District one for entrusting me with another term. I feel confident that we will have a mandate in the House to work on important issues like climate change access to health care and increasing the minimum wage #copolitics,2020-11-04 02:33:00,Twitter Web App,5,73
Power back on at MLK Library. Thank you everyone for the prompt attention!,2020-11-03 20:27:44,Twitter Web App,1,2
Please take note. If you were planning to vote at MLK Library before about 3:15 please go to one of these other locations. https://t.co/XwwnL0ZImz,2020-11-03 19:55:08,Twitter Web App,1,0
Today is the final day to do your civic duty and ensure that we defeat Donald Trump once and for all.   If you have not already voted make a plan to vote safely &gt;&gt;  https://t.co/uS0IPy8SVu https://t.co/Zy3jnEXfjR,2020-11-03 17:01:00,Gain Platform,0,1
.@JoeBiden @KamalaHarris and @Hickenlooper need our help right now more than ever so we can't take our foot off the gas for even one second.  Make a plan to vote now &gt;&gt; https://t.co/eQTx16OdWf  Read more &gt;&gt; https://t.co/FraGfGLt7x,2020-11-02 23:56:57,Gain Platform,1,7
If you're voting in person -- vote safely. Make sure you wear a mask bring hand sanitizer and maintain social distancing in line.    Make a plan &gt;&gt; https://t.co/uBe5hecrY1 https://t.co/OSGk3ET0Ms,2020-10-31 16:00:22,Gain Platform,1,1
I'm doing everything I can to help vulnerable Democrats nationwide. Chip in before our FINAL end of month deadline on October 31 so we can take our country back &gt;&gt; https://t.co/JQkjimveMr https://t.co/8GScdPMxw4,2020-10-31 01:01:00,Gain Platform,1,1
Waiting periods. Gag orders. 1 clinic per surrounding 700 miles. So many laws restrict abortion access around this country -- and we can't let Prop 115 pass in Colorado. Vote NO on this backward anti-women anti-science referendum &gt;&gt;  https://t.co/24Id5fFtTH https://t.co/oVGJLus2ou,2020-10-29 16:01:09,Gain Platform,3,14
Women's issues are on the ballot. Get those ballots in Colorado! #DropItOffCO https://t.co/bYAtMOVCLH,2020-10-28 23:38:10,Twitter Web App,3,6
Amy Coney Barrett's entire confirmation process was a sham by Trump and Senate Republicans. Defeating their agenda next week is one of the many ways we hold them accountable. Make sure you have a plan to vote &gt;&gt; https://t.co/eQTx16OdWf,2020-10-28 13:52:38,Gain Platform,1,5
Right now our country needs a president.  A president who’s in it not for himself but for others. One who doesn’t divide us — but unites us. We need a president who appeals not to the worst in us — but to the best » https://t.co/l4L2IfqpDf https://t.co/4e0nSdsynb,2020-10-27 21:14:07,Gain Platform,2,4
Remember it's now too late to mail your ballot but Colorado has more than 300 drop off locations. Find a drop off location in your county at https://t.co/EriYUAvQa2. Let's get those ballots in for @JoeBiden @KamalaHarris and @Hickenlooper  #DropItOffCO https://t.co/Ob7VnMdjUi,2020-10-27 17:10:00,Twitter Web App,5,9
Important reminders. https://t.co/Ifh0GkDQ53,2020-10-26 17:28:37,Twitter Web App,1,1
During a rare weekend session the Republican-controlled Senate just advanced RBG's replacement rather than COVID-19 relief talks or voting on HEROES Act. This is appalling » https://t.co/f44Qiy0ht1,2020-10-26 16:00:48,Gain Platform,1,5
"If this proposition passes it will be the beginning of abortion rights being chipped away in our state." I couldn't agree more! The right to a safe legal abortion cannot be undermined. Make sure that you vote NO on Proposition 115 » https://t.co/WskxKVz5tO,2020-10-26 01:43:46,Gain Platform,6,20
A little snow doesn't stop the @JoeBiden Soul of the Nation Bus in Colorado. Also thanks to @RosenbergsBagel at Stanley Marketplace for the takeout lunch! Remember turn in those ballots! #DropItOffCO @SoulofTheNationCO https://t.co/BWKJVWU0j3,2020-10-25 18:23:39,Twitter Web App,7,43
COLORADO: the last day to register to vote online or return your ballot by mail is 10/26! After 10/26 you can return your ballot at a drop box or in-person polling location! Register to vote online now &gt;&gt; https://t.co/i9YlMf8mf2 https://t.co/8kn6lVTcwu,2020-10-21 16:01:05,Gain Platform,5,7
Today I cast by ballot for @JoeBiden @KamalaHarris @Hickenlooper and Democrats up and down the ballot. Make a plan and #DropItOffCO https://t.co/JfupLXc4C6,2020-10-20 21:12:11,Twitter for Android,13,62
More devastating fires in Colorado underscore how important it is that we vote to save our planet before it's too late.   Read more &gt;&gt; https://t.co/N1cqiVLPF6 https://t.co/Rtg8umkXbA,2020-10-20 01:00:52,Gain Platform,1,0
CO -- have you checked your mailbox recently? Your ballot could be in there. We had record turnout in the primary this summer and need to keep up that same momentum!   Once you fill out and return your ballot you can track it here &gt;&gt; https://t.co/KixxmZS4NB https://t.co/PbCay3wQFc,2020-10-17 16:00:31,Gain Platform,2,1
Rather than tuning in to the second presidential debate which Trump refused to participate in I'll be watching Joe Biden's town hall tonight on ABC. Watch tonight's town hall here &gt;&gt; https://t.co/lzgnnDR1xR,2020-10-15 16:00:50,Gain Platform,2,2
I am deeply troubled by Proposition 115 the latest attempt by Colorado Republicans to limit access to abortion and will be voting against it when I make my voice heard. Abortion is a matter of constitutional consensus and public health » https://t.co/7zydumgh5o https://t.co/a1WaC80p8t,2020-10-13 16:02:13,Gain Platform,3,9
Every day is Indigenous Peoples' Day but today is a day to respect and celebrate Indigenous culture. Our great state is home to several tribes who have left an imprint on our state and I re-commit to always defend and protect our Indigenous communities. https://t.co/RvVMw0d9o4,2020-10-12 21:41:46,Gain Platform,1,2
Keep a close eye on your mailbox 📪  over the next few days because ballots just dropped!   #MailTheVoteCO,2020-10-09 16:01:05,Gain Platform,5,12
This is a great step to ensuring that young athletes have a positive experience without pressures to use performance-enhancing drugs. Read more on my legislation in anticipation of the 2028 Olympic Games » https://t.co/w4CwLOlXBL,2020-10-08 16:00:38,Gain Platform,1,1
I'm excited to be supporting a woman as strong brilliant and inspiring as @KamalaHarris in tonight's Vice Presidential debate. Show her you have her back by recording and sending in a short video &gt;&gt; https://t.co/b5HZyPMI87  #GoodLuckKamala https://t.co/TuBseudYgD,2020-10-07 16:00:13,Gain Platform,3,2
"Hispanic residents are 20% more likely than white residents to die of treatable conditions"   Disparities in housing employment access to healthy food and medical care as well as medical racism are daily realities for some Coloradans. Read more &gt;&gt; https://t.co/RSIJrt9VVH,2020-10-06 16:00:19,Gain Platform,1,0
One of the ways you can honor the legacy of Justice Ruth Bader Ginsburg is by protecting the right to a safe legal and accessible abortion here in Colorado. Make a donation in her honor to the @CobaltAdvocates. Donate here &gt;&gt;  https://t.co/vH1QXEBvP7,2020-10-05 16:00:39,Gain Platform,1,1
As we make developments for a #COVID19 vaccine I'm talking with public health experts &amp; scientists to ensure sure we're taking the steps to meet the requirements &amp; safety precautions before distribution -- the American people deserve nothing less » https://t.co/UDKx2jjtWo https://t.co/U0qh8bJVUB,2020-10-03 17:00:26,Gain Platform,1,0
Three years have passed since the Las Vegas shooting and Senate Republicans and the Trump administration still refuse to pass commonsense gun violence prevention legislation. This is unacceptable. Victims survivors and their families deserve better: https://t.co/tVlVtTzZlS,2020-10-01 23:00:41,Gain Platform,0,0
Trump is incompetent and dangerous. Ballots drop NEXT WEEK so it's never been more important for every one of us to vote -- our rights depend on it.   Make sure you're registered to vote &gt;&gt; https://t.co/ZdKMEwtC3U,2020-10-01 19:28:53,Gain Platform,0,2
It's easy. I condemn White Supremacy. I #pledge to stand against those like @realDonaldTrump who refuse to do so.,2020-09-30 18:52:48,Twitter Web App,7,35
After seeing the debate last night it is clear that we need @JoeBiden in the White House. #copolitics https://t.co/ogX0QgJYWQ,2020-09-30 15:23:43,Twitter Web App,1,1
Tonight begins #YomKippur the holiest day in the Hebrew calendar. G'mar hatimah tova to all observing -- may you have an easy meaningful fast.,2020-09-27 16:00:01,Gain Platform,1,0
Here's a great comprehensive list from @9NEWS of everything you need to know about voting in Colorado this year!  #GoVoteColorado  https://t.co/1y6MxhlUNi,2020-09-24 16:00:48,Gain Platform,1,1
Colorado — if you received a national pre-election mailer from @USPS with guidance about requesting your absentee ballot disregard. 🚨 If you are an eligible registered voter in CO your ballot will be mailed automatically! 🚨 » https://t.co/pJ7ef7x8U4,2020-09-22 20:24:39,Gain Platform,1,1
On Friday we lost Justice Ruth Bader Ginsburg a powerful and brilliant American hero — and I am devastated. But our fight to continue her legacy will power on » https://t.co/qVgOndRgZt,2020-09-21 18:34:05,Gain Platform,1,1
Shanah Tovah and Shabbat Shalom to all observing #RoshHashanah! 🍎🍯 #5781,2020-09-18 16:00:21,Gain Platform,0,3
The best way to keep yourself and your fellow Coloradans safe is to continue to #maskup maintain social distancing and be sure to get your annual flu shot.   https://t.co/KMwUHFxiHg https://t.co/93gBagHpJF,2020-09-17 16:00:24,Gain Platform,1,1
The recent forest fires across the Western states show the real-life effects of climate change but the Trump administration would tell you otherwise.   https://t.co/kLAaCT8Ybo https://t.co/0sx0trDhlJ,2020-09-16 16:00:16,Gain Platform,1,1
Thank you for the support @SEIU105. I am proud to stand by your side as we fight for better working conditions living wages and racial and economic justice. https://t.co/Q1Fm43ICXl,2020-09-14 19:51:30,Twitter Web App,1,0
.@KamalaHarris is a leader a fighter and will make an amazing Vice President. I'm incredibly excited to work hard so that the #BidenHarris ticket wins in November.  https://t.co/V1Yw2JLBHd https://t.co/ZbtopH0aUl,2020-09-10 22:06:27,Gain Platform,1,3
Organized labor is the backbone of our workforce and has held the country together during the COVID-19 pandemic. I'll always stick by our union leaders and wish everyone a Happy Labor Day!,2020-09-07 16:00:47,Gain Platform,1,2
Had a great time with @AlfreWoodard @BriannaforCO @MLoachamin and @EmergeColorado celebrating our next Vice President @KamalaHarris. #WomenforBidenHarris  https://t.co/moG5c7ExBO,2020-09-06 16:00:23,Gain Platform,3,8
Although we NEVER should've left in the first place it's time for the United States to re-join our allies and enter back into the Paris Climate Agreement. https://t.co/Ns1uyFPkCb,2020-09-04 16:23:38,Gain Platform,1,2
Victims of Hurricane Laura are not only facing catastrophic effects of the natural disaster and climate change but of COVID-19 as well.   A comprehensive list of how to aid victims of Hurricane Laura in Louisiana and Texas can be found here &gt;&gt; https://t.co/llzLSUKqcW,2020-09-01 00:29:33,Gain Platform,1,1
There is a lot at stake in this election. And especially a lot at stake for women. As we mark 100 years from the adoption of the 19th Amendment make a plan to vote and drop off your ballot early! Text VOTE to 30330 now. #WomensEqualityDay,2020-08-26 19:03:48,Twitter Web App,2,3
I am horrified by the shooting in Kenosha WI. Our country must do better. Black Lives Matter.,2020-08-24 16:14:22,Twitter Web App,4,13
Tonight the Republican National Convention will kick-off in Charlotte. The best way to fight division is with unity. Check your voter registration status so you're prepared to vote against the hateful Republican agenda when ballots drop &gt;&gt; https://t.co/MedtywkfTX,2020-08-24 16:00:09,Gain Platform,2,0
Ahead of ballots dropping in less than two months — make sure you've checked your voter registration status. You can also check the status of your ballot thanks to @COSecofState &gt;&gt;  https://t.co/MedtywkfTX #IWillVote #ColoradoVotes,2020-08-23 16:00:54,Gain Platform,2,1
For every $1 earned by a white man: Black women earn $0.62 Native Hawaiian or other Pacific Islander women $0.61 American Indian or Alaska Native women $0.57 and Hispanic or Latina women $0.54. Learn more here &gt;&gt; https://t.co/uf7HVBet0s,2020-08-22 16:00:28,Gain Platform,1,0
Join other Coloradans at a virtual convention watch party and special Colorado pre-programs tonight » https://t.co/ZJ8A6zKGLP https://t.co/DMfMUFfBdk,2020-08-20 19:51:17,Gain Platform,4,4
The Postal Service is the only affordable lifeline that assures essential goods services and ballots arrive in a timely manner--and protects your privacy. Join me in demanding that Trump keep his hands off the United States Postal Service. &gt;&gt;&gt;https://t.co/jLskeMwxux https://t.co/VSOwMHphV3,2020-08-20 16:00:49,Gain Platform,1,4
The Democratic Convention starts tomorrow night! Although it will be different than we imagined I cannot wait to watch this historic event on TV. Which nights will you be tuning in? #BidenHarris2020 https://t.co/AgfS9lDUZv,2020-08-16 21:01:26,Gain Platform,1,1
If we don't ensure census data is collected properly the consequences will last for the next decade and Black communities and other communities of color will be disproportionately harmed. We cannot end the counting operation early. https://t.co/YVMiaih6Pg,2020-08-15 14:01:00,Gain Platform,1,1
The Social Security Act was signed into law 85 years ago today. By signing this bill President Roosevelt promised hard-working Americans they'd have a safety net when they retired. As your Congresswoman I promise to always protect your hard-earned Social Security benefits.,2020-08-14 13:00:16,Gain Platform,2,2
3 years ago this week white supremacists rallied in Charlottesville stoking hatred + fear. Tragically Heather Heyer a counter-protestor was killed by a neo-Nazi. This was horrific but we can -- and must -- honor Heather's memory by creating a just + inclusive America today.,2020-08-13 22:31:14,Gain Platform,1,2
Thank you for your kind words Paige Lewis! I too am grateful the Great American Outdoors Act was signed into law and look forward to what it will bring to Colorado and the rest of the country. I'm proud to have been a strong supporter of this legislation. https://t.co/4KW9ZGOZ74,2020-08-12 13:00:45,Gain Platform,1,0
Congratulations to our next Vice President @KamalaHarris! Senator Harris is a true public servant and will make a fantastic Vice President. I'm thrilled that we have our ticket and that for the first time ever a Black woman will be on it. Now let's go win this!,2020-08-11 23:04:04,Gain Platform,3,12
I'm excited to help elect #BidenHarris2020 https://t.co/wZe86yiUpg,2020-08-11 20:47:18,Twitter Web App,1,7
The answer is "no." No matter what President Trump says we will NOT postpone the election. https://t.co/sYenS9M52b,2020-08-11 16:00:15,Gain Platform,1,0
Six years ago today Michael Brown was shot and killed by a police officer in Ferguson. His tragic death helped spark the Black Lives Matter movement. Today and every day let us #SayHisName. Rest in power Michael Brown #BlackLivesMatter,2020-08-09 13:00:55,Gain Platform,1,2
Glad to see this bill has passed in the Senate. It will help address the culture of sexual abuse in the Olympics and protect athletes from harm. I'm co-sponsoring a companion bill in the House and I'm hopeful it will be passed and signed into law quickly. https://t.co/lOKifEzcZJ,2020-08-07 16:00:29,Gain Platform,3,5
Today -- on the 55th anniversary of the original Voting Rights Act -- I hope you'll join me in calling on Mitch McConnell to bring the John Lewis Voting Rights Advancement Act up for vote in the Senate. The right to vote is sacred and we must protect it.,2020-08-06 21:00:15,Gain Platform,1,1
Small mom and pop shops are hurting because of a trade dispute between two of the largest companies in the world. In the middle of an economic recession I think small business owners already have enough to worry about. I am urging the USTR to take action. https://t.co/0G1TUoSqTd,2020-08-05 13:31:34,Gain Platform,2,0
Happy birthday President @BarackObama! I am looking forward to honoring your legacy on November 3rd when we elect @JoeBiden president expand our majority in the House and flip the Senate blue #YesWeCan,2020-08-04 22:36:21,Gain Platform,1,3
Trump's dismissal of John Lewis is disgusting. When we lost Congressman John Lewis we lost a fighter and a legend. We lost the conscience of the Congress. His character and integrity unified our nation for the better -- I can't say the same for Trump. https://t.co/UHzQ9Htpmt,2020-08-04 21:32:12,Gain Platform,2,1
If you need more evidence that voting by mail is safe and secure: look no further than to our great state of Colorado. We've been voting by mail since 2013 and guess what? It works.  https://t.co/nm0GqeRZU8 https://t.co/2vpJbHOh8t,2020-08-02 18:00:13,Gain Platform,5,10
The public deserves to know how COVID-19 vaccines are progressing. That's why I led a hearing to learn from companies about their efforts. I was glad to hear the process is going well and the vaccine makers pledged not to sacrifice safety for speed.   https://t.co/hXTcy8VwR1 https://t.co/ScTiAi82xp,2020-08-01 14:00:08,Gain Platform,1,0
The Helms Amendment is a racist and anti-women piece of legislation. It's past time we repealed it so I'm co-sponsoring the first-ever legislation to do just that. #RepealHelms #AbortionIsHealthCare #HelmsHurts   https://t.co/c6586NM1cI https://t.co/xioIoobd3e,2020-07-31 18:00:59,Gain Platform,3,8
President Trump does NOT have the authority to move the election. His suggesting otherwise is a dangerous and unprecedented power grab at denying you YOUR rights during a pandemic. He's willing to do anything to stay in office. We must take this threat to our Democracy seriously.,2020-07-30 21:26:53,Gain Platform,2,4
I'm honored to be endorsed by @NewtownAction. Addressing gun violence will always be a top priority of mine and I'm proud to have supported numerous pieces of gun safety legislation in the House. McConnell must stop blocking these reforms in the Senate. https://t.co/AFzLZPQSZG,2020-07-29 18:00:33,Gain Platform,3,6
Coloradans can't wait any longer for a renewed financial relief package. The HEROES Act would provide critical support but it's been on McConnell's desk since May. Enough. The Senate must pass the HEROES Act. The bill introduced this week doesn't cut it. https://t.co/a0d6XvshpB,2020-07-28 20:00:05,Gain Platform,2,1
The request for federal agents to come to Colorado is nothing more than a political stunt to distract from President Trump's failures. Our state does NOT need federal law enforcement intervention. We need President Trump to stop fomenting violence.  https://t.co/zsuG9aYuQu,2020-07-27 16:30:32,Gain Platform,6,7
I was proud to introduce bipartisan legislation last month to support the research community during COVID-19. We need to preserve our scientific infrastructure and protect our innovation pipeline to help us better respond to future pandemics. https://t.co/8jFcf82K59 https://t.co/k8cOagXcRb,2020-07-26 13:00:11,Gain Platform,1,2
Great progress is being made towards developing a vaccine for COVID-19 but we need to prepare now to ensure the American people can access and afford it once it becomes available. That’s why I’ve called for a nationwide vaccine program. https://t.co/6XZdVgNRVi https://t.co/QGlmNMjwnO,2020-07-25 19:00:14,Gain Platform,1,1
A year ago the House passed the PRIDE Act. This bill would update the tax code to provide equal treatment for same sex married couples. It's a sensible and just bill and yet it still sits on Mitch McConnell's desk. That's unacceptable. We need to sign the PRIDE act into law.,2020-07-24 16:00:05,Gain Platform,2,4
21 years ago today Shuttle mission STS-93 launched into space making Eileen Marie Collins the first female commander of a U.S. Spacecraft. Eileen is an inspiration to us all and a reminder to young girls everywhere that they should aim for the stars.,2020-07-23 18:00:36,Gain Platform,1,0
I am honored to be recognized as a 2020 Medicare Advantage Champion. This is a critical program that needs to be protected and expanded upon. Health care is a right and we need to look out for our seniors now more than ever. https://t.co/UzIVrWMPc6,2020-07-23 14:33:16,Gain Platform,1,2
I am thrilled that our amendment to protect 1.3 million acres of wilderness was included in the defense spending bill that passed in the House on Tuesday. I will never stop fighting to protect our environment and public lands. https://t.co/T3QBwfLG8d,2020-07-22 23:00:33,Gain Platform,4,5
I am proud to endorse @Hickenlooper for Senate. We have the votes in the House to pass important legislation but the bills stall in the Republican-controlled Senate. It's time to end McConnell's reign as Majority Leader and send Cory Gardner packing! https://t.co/7wfebJ6LRT https://t.co/1C8o1hfDq8,2020-07-22 19:12:41,Gain Platform,30,118
Eight years ago twelve Coloradans lost their lives in an Aurora movie theatre. Today in their honor and the honor of so many other victims of gun violence let us recommit ourselves to the fight to end gun violence once and for all.,2020-07-20 23:30:33,Gain Platform,1,0
The restoration of Voting Rights Act was passed to continue fighting for civil rights — and McConnell is stalling it in the Senate. We may honor John Lewis' legacy by voting and ensuring every eligible voter can exercise their right too. https://t.co/ACzvcmmZnt https://t.co/MHJ56hCA4j,2020-07-19 18:36:45,Gain Platform,5,3
My daughter lives with Type 1 diabetes so lowering the skyrocketing cost of insulin is personal. And as Co-Chair of the Congressional Caucus on Diabetes I'm paying close attention to the new challenges Americans with diabetes are facing during COVID-19 https://t.co/F10mGx0rxP https://t.co/hs6jqQGhWU,2020-07-19 18:00:50,Gain Platform,5,9
Heartbroken by the loss of my friend &amp; colleague John Lewis. We must carry on his fight &amp; honor his legacy with action - by voting &amp; ensuring others can vote.  Mitch McConnell must bring the John Lewis Voting Rights Advancement Act to the Senate Floor immediately.,2020-07-19 17:10:10,Twitter Web App,5,8
"Trump administration rescinds rule requiring foreign students to attend in-person classes or leave U.S." &gt;&gt; https://t.co/D3JFseIav0  I'm proud that Colorado joined 16 other states in suing the Trump administration adding to the pressure that led to this reversal. https://t.co/G9r0Oa1fqa,2020-07-16 13:00:51,Gain Platform,1,1
I am so proud to have the support of @CobaltAdvocates and look forward to continuing our work together to guarantee comprehensive universal access to reproductive health care -- including abortion. https://t.co/3MA98ZfWPR,2020-07-15 19:24:11,Gain Platform,4,8
"White House turns on Fauci as disaster grows out of aggressive state openings" &gt;&gt; https://t.co/RZxjF28EY6  Telling the truth should not be a punishable offense. Dr. Fauci is one of our nation's most respected public health officials and we need him now more than ever. https://t.co/SHtJJyKlnv,2020-07-14 16:33:03,Gain Platform,2,1
The only way to mitigate the climate crisis is to take steps now to cut our carbon emissions while also providing Americans with the affordable reliable electricity they need.  Learn more about my Clean Energy Innovation and Deployment Act now &gt;&gt; https://t.co/cbMHR3V1EJ https://t.co/AN0zN8QCsX,2020-07-13 16:00:55,Gain Platform,1,1
This pandemic is far from over -- yet the president and his administration continue to downplay the severity of this crisis.  TELL TRUMP: Stop ignoring scientists and public health officials and treat COVID-19 like the dangerous pandemic it is &gt;&gt; https://t.co/xtF0WbojaH https://t.co/5pHOHFuJEN,2020-07-12 18:00:19,Gain Platform,4,3
The Supreme Court attacked women's access to birth control -- so I'm fighting back &gt;&gt; https://t.co/2u6mkbQPFP  The Protect Access to Birth Control Act will repeal Trump's anti-choice rule. No employer should be able to tell a woman what she can and cannot do with her body.,2020-07-11 13:00:31,Gain Platform,3,3
As Oversight and Investigations Subcommittee Chair I'm working to hold online platforms like Facebook and Twitter accountable &gt;&gt; https://t.co/6ZRpm3qwZ6  It's critical they address the rise of COVID-19 misinformation online that is both troubling and dangerous to public health. https://t.co/0pgymu8viH,2020-07-10 16:01:07,Gain Platform,1,1
"Supreme Court Undercuts Access To Birth Control Under Obamacare" &gt;&gt; https://t.co/c9DaPM6Fbi  This is a huge setback for women's rights and bodily autonomy. I will continue to use my position as chair of the Pro-Choice Caucus to fight back. https://t.co/FPfpbyl7De,2020-07-09 13:00:55,Gain Platform,1,1
"Trump officially moves to withdraw US from World Health Organization" &gt;&gt; https://t.co/PW1d0jsZzr  This disastrous move doesn't go into effect until July 6 next year so it's critical we do everything we can to reverse this dangerous decision. https://t.co/e3vaHwLH9M,2020-07-08 19:13:02,Gain Platform,0,1
Last week I voted to create jobs by investing in our crumbling infrastructure expand internet access in rural and low-income communities and modernize the USPS &gt;&gt; https://t.co/YjMYTI9cm0  I work for you and am committed to keeping everyone employed safe and connected. https://t.co/hZshIDSuOh,2020-07-07 21:40:09,Gain Platform,1,0
"The $600 federal unemployment benefit ends this month. GOP senators say enough already." &gt;&gt; https://t.co/2aXZFxpjRj  The pandemic hasn't ended -- so neither should your benefits. House Democrats already voted to extend until the end of the year. Now the Senate must do the same. https://t.co/9OI61wqk5u,2020-07-06 17:00:07,Gain Platform,1,1
"DeGette to White House: Who is meddling in CDC health decisions?" &gt;&gt; https://t.co/OOn4v4sZKA  Political interference should never impact the life-saving work of the CDC -- especially during a pandemic. We must unite around science safety and the health of the American people. https://t.co/FnGSiE328V,2020-07-05 15:00:54,Gain Platform,3,4
The pandemic is far from over Colorado so please celebrate safely today &gt;&gt; https://t.co/yTK62pRBSy  And remember: the Fourth of July isn't everyone's "Independence Day." For BIPOC women LGBTQIA+ immigrants and too many others the fight for freedom continues. https://t.co/6wbqZaptSi,2020-07-04 13:00:22,Gain Platform,1,0
"Stronger pollution standards could save 143k lives" &gt;&gt; https://t.co/IdZcAYsWld  Saving the environment saves lives. I will continue to prioritize public health over the profits of polluters -- and I hope my colleagues on the other side of the aisle will start doing the same. https://t.co/o808ilBO4M,2020-07-03 14:00:51,Gain Platform,1,1
After Trump proposed less testing -- not more -- I started working to hold this administration accountable for such a reckless and ill-informed approach to this pandemic.   LEARN MORE &gt;&gt; https://t.co/LhTxbxRtzN https://t.co/J9QIAVFFQf,2020-07-02 17:17:26,Gain Platform,1,1
"Gov. Jared Polis appoints attorney general to investigate Elijah McClain’s death" &gt;&gt; https://t.co/2oeCvyRdg5  Thanks to your ongoing activism @GovofCO is taking steps to secure justice for Elijah and his family. This is only a first step so we must continue building momentum. https://t.co/lmAhw3Inty,2020-07-01 19:25:26,Gain Platform,2,1
we need to vote for Democrats up and down the ticket. We need to elect John Hickenlooper to help turn the Senate blue and make sure our Colorado values are turned into action in the House the White House and the Senate.",2020-07-01 03:53:49,Twitter Web App,1,10
My statement on tonight's Colorado primary election results: "Tonight is a great night for Colorado Democrats and we have to keep the momentum going into November. If you care about the environment and public lands about reproductive rights about police reform and civil rights,2020-07-01 03:53:48,Twitter Web App,8,16
A big shout-out and appreciation tonight to Colorado's terrific #VoteByMail system and all the hardworking clerks and elections officials who make it work including @DenverElections. Thank you all!,2020-07-01 01:41:38,Twitter Web App,3,7
"Supreme Court strikes down Louisiana abortion clinic law" &gt;&gt; https://t.co/FzaZgv4Fv3  An exciting victory today! This ruling will make it harder for anti-choice lawmakers to impose countless sham "health regulations" that make it impossible for abortion clinics to operate. https://t.co/hX1y9pRxMM,2020-06-29 18:41:41,Gain Platform,2,1
"DeGette sponsors legislation granting $25 billion to research disrupted by pandemic" &gt;&gt; https://t.co/KbGDeRbUyO  To continue being global leaders we must preserve the infrastructure for scientific research and innovation that is essential to public health and economic growth. https://t.co/gCoo5X2U3k,2020-06-28 16:00:16,Gain Platform,3,1
"Trump Moves to End Federal Support for Testing Sites as US Sees Record Daily Spike in Covid-19 Infections" &gt;&gt; https://t.co/LkTf3vpozo  This includes Colorado. We need an expansion of testing not a downright dangerous reduction. https://t.co/3B8uIcP4N4,2020-06-27 22:00:24,Gain Platform,2,1
51 years ago today the Stonewall Riots began.   It's important we lift up and celebrate the BIPOC and transgender activists who paved the way for the LGBTQIA+ rights movement including incredible pioneers like Marsha P. Johnson and Sylvia Rivera. https://t.co/d0faFQZBbG,2020-06-27 14:01:01,Gain Platform,2,4
Stalling on racial justice is not an option. The House has now passed the urgently needed Justice in Policing Act and I urge my colleagues in the Senate to follow suit.   READ MORE &gt;&gt; https://t.co/z2CG9AKl3H,2020-06-26 19:00:47,Gain Platform,1,0
Ignoring the impact of COVID-19 will not make it go away. We must continue addressing the urgent needs this crisis has created -- including support for our local museums and heritage tourism.  READ MORE &gt;&gt; https://t.co/ydMmKD4gvu,2020-06-25 16:00:30,Gain Platform,1,0
"Tens of thousands of calls to re-examine Elijah McClain death inundate Aurora agencies" &gt;&gt; https://t.co/Rn2P0gCAzZ  We cannot forget about Elijah McClain.   And we cannot rest until accountability justice and a restoration of public trust is achieved. https://t.co/fcJmJEnACf,2020-06-24 22:36:18,Gain Platform,1,1
Coloradans have been voting at home for 6 years. We will continue setting a wonderful example for the rest of the nation proving that voting by mail is easy accessible and very secure.  "No Fraud Isn’t Rampant in Colorado’s Mail-In Voting System" &gt;&gt; https://t.co/NAkN9AfjNj https://t.co/9pE9xlJKAx,2020-06-23 18:48:01,Gain Platform,3,8
The fight to protect our DREAMers is far from over and I am more committed than ever to protecting the over 14000 DACA recipients in Colorado.  "Colorado DACA recipients on their hopes fears after Supreme Court ruling" &gt;&gt; https://t.co/eu2UbthDmx https://t.co/PCy7jvZT3Z,2020-06-23 14:14:57,Gain Platform,1,0
ICYMI: Diana shared a special message at the Denver Pride parade this morning.   WATCH NOW &gt;&gt; https://t.co/K9xWtBZjrS,2020-06-21 23:00:19,Gain Platform,2,0
TOMORROW: Don't forget to tune in to Denver Pride's virtual parade  at 9:30am MST &gt;&gt; https://t.co/6SVpJ49FIt  Join me in celebrating our LGBTQIA+ friends and neighbors in Denver. The first Pride was a protest and the fight for full lived equality isn't over yet! https://t.co/JV6Jks7Ihc,2020-06-20 14:00:22,Gain Platform,1,1
Juneteenth is a time to celebrate the courage and resiliency of Black Americans and to recommit ourselves to the fight for racial justice -- a fight that is far from over.  CELEBRATE &amp; LEARN VIRTUALLY &gt;&gt; https://t.co/3NC6vX8vuN https://t.co/eKnRzDhMjs,2020-06-19 17:01:35,Gain Platform,0,0
An important and humane decision for DACA recipients in Colorado and across the country. Glad to see the Supreme Court protecting them in the only home they've ever known. &gt;&gt; https://t.co/j1kqgaa8aH,2020-06-18 16:00:58,Gain Platform,1,0
No one should have to jump through hoops to access constitutionally-protected reproductive health care services during this pandemic.  We are demanding the FDA relax their unnecessary restrictions that force women to risk infection -- learn more now &gt;&gt; https://t.co/6qqss6peV2 https://t.co/l1WXGSwtjU,2020-06-17 17:30:55,Gain Platform,1,0
CO primary ballots are in the mail so keep your eye out! You can use this link to track yours now &gt;&gt; https://t.co/z0M8qfIeok   Need a replacement ballot? Tomorrow is your last day to request one so reach out to your county clerk's office before then &gt;&gt; https://t.co/w6HzfHzKh8,2020-06-16 19:04:27,Gain Platform,1,0
"Supreme Court rules that civil rights laws protect LGBTQ employees from discrimination" &gt;&gt; https://t.co/K5FFPiwXKw   Great news -- no one should be fired for who they are or who they love. Happy Pride!,2020-06-15 16:43:22,Gain Platform,1,0
I had a great time yesterday at the Juneteenth Parade. Special thanks to Congressman Joe Neguse and everyone who supported the parade. https://t.co/5MkgdPGSQ8,2020-06-14 23:27:25,Twitter Web App,3,25
Wise powerful words from President @BarackObama:   "How to Make this Moment the Turning Point for Real Change" &gt;&gt; https://t.co/GHAZYKqT1B https://t.co/Q6dPDvtU5k,2020-06-14 14:00:28,Gain Platform,2,0
"Georgia election 'catastrophe' in largely minority areas sparks investigation" &gt;&gt; https://t.co/ppppAOFhMn  Voter suppression is unacceptable. It's critical that every American is able to cast their vote safely and securely this year. https://t.co/RzaWP2yi6E,2020-06-13 16:00:42,Gain Platform,1,0
It's been four years since the Pulse tragedy and communities across the country continue to come together to honor them with action. Those Latinx and LGBTQIA+ lives we lost too soon are a rallying cry for the gun violence prevention measures our nation so desperately needs. https://t.co/tHWe1Cf0Fh,2020-06-12 13:00:59,Gain Platform,1,0
Our fight for racial justice cannot end with policing reform. Black Americans are dying from COVID-19 at nearly two times the rate of their population share nationwide.  These disproportionate public health outcomes must be addressed. Learn more now &gt;&gt; https://t.co/WwxNcHdcM6 https://t.co/C5qegtgQeD,2020-06-11 15:00:03,Gain Platform,1,0
Even after 57 years the gender pay gap still hasn't closed.   It's why I helped pass the Paycheck Fairness Act in the House and why I demand my colleagues in the Senate stop stalling and do the same. https://t.co/IeOLlSCVgm,2020-06-10 14:00:21,Gain Platform,1,0
We need wide-ranging structural policing reforms and the Justice in Policing Act of 2020 is a great start.   It will prohibit chokeholds ban no-knock warrants in drug-related cases and create a national registry to track police misconduct.  MORE &gt;&gt; https://t.co/dlVwdtNNNb https://t.co/J68EACC8Rc,2020-06-09 22:00:56,Gain Platform,0,1
"DeGette cosponsors proposal for racial reconciliation commission" &gt;&gt; https://t.co/KyW2TilcTk  To effectively dismantle systemic inequity we must fully understand the shameful legacy of racism in our country. Band-aid fixes are not good enough -- we need to go deeper. https://t.co/X1yyW36Alv,2020-06-08 16:47:48,Gain Platform,1,0
The Paycheck Protection loans are now more flexible so I encourage Colorado's small businesses who still need help to apply today.  LEARN MORE &gt;&gt; https://t.co/Bn6ZlcLixo https://t.co/BN796HUPJu,2020-06-07 16:00:12,Gain Platform,1,0
Being treated unequally because of the color of your skin is not just a problem for Black people -- it's a problem for every American to acknowledge confront and reconcile.   I encourage everyone to do the work of learning our history of racism: https://t.co/dTGIXh6Ug2,2020-06-06 16:00:59,Gain Platform,1,0
The events of the last several days weigh heavy on my heart but I'm proud to see people in Denver and across the nation standing up against racial injustices.  We've now introduced the George Floyd Law Enforcement Trust and Integrity Act. LEARN MORE &gt;&gt; https://t.co/O0jaS6e8VT https://t.co/arG6fwgGrP,2020-06-05 19:00:33,Gain Platform,1,0
We need more testing -- and now. This pandemic is not over and we must do everything in our power to keep the American people safe and healthy.   Learn more about the Rapid Testing for Communities Act and Diagnostic Testing for Public Health Labs Act: https://t.co/5yAh7TBSTM,2020-06-04 23:00:19,Gain Platform,0,0
"Democrats prepare sweeping police reform bills after George Floyd's death" &gt;&gt; https://t.co/2DNxNGzNax  When the American people demand change Congress must act.  Reform is coming -- many thanks to the Congressional Black Caucus for their leadership. https://t.co/EkoBpsvmiU,2020-06-04 18:07:57,Gain Platform,1,1
I'm co-sponsoring a bill to put an end to qualified immunity. A badge can no longer be a get-out-of-jail-free card.  We must hold our law enforcement officers accountable. And NOW.  LEARN MORE &gt;&gt; https://t.co/0vNLA5BSqY https://t.co/kZbHAoUOKi,2020-06-03 16:00:28,Gain Platform,2,1
"Democrats call for Congress to take action following death of George Floyd" &gt;&gt; https://t.co/MZYWf1R2N3  We are listening. I promise to bring your passion and urgency to Congress and fight to dismantle the unchecked systems of inequity and police brutality. https://t.co/dzqHQjeT7x,2020-06-02 17:47:09,Gain Platform,1,3
Like you I am outraged at the senseless death of George Floyd. We need to say it: Black Lives Matter.   At every level of government we need to see more accountability and more justice for the African-American community.  We can and must do better America.,2020-06-01 16:00:35,Gain Platform,5,14
"House approves Paycheck Protection Program Flexibility Act" &gt;&gt; https://t.co/Nhl74zeDin  The PPP needs to be more accessible and usable for the small businesses that need it most. That's why I'm proud to have joined my House colleagues this week in addressing this critical need. https://t.co/YRP40gb24b,2020-05-31 16:00:58,Gain Platform,1,0
Too many communities still lack the capacity and equipment for the widespread rapid and precise testing we need to safely reopen the country.   $750 million in grants to public health laboratories and hospitals will save American lives.  LEARN MORE &gt;&gt; https://t.co/1EiIBNiZJA https://t.co/aEs24DGsq6,2020-05-30 14:00:13,Gain Platform,1,1
I share your heartbreak. I share your anger.   Our right to peacefully protest is a cornerstone of American democracy. Stay safe make your voice heard -- and know your rights.  LEARN MORE &gt;&gt; https://t.co/yEyCahGAYL https://t.co/iSHaROR3iA,2020-05-29 22:00:22,Gain Platform,1,1
I am so inspired by the Coloradans who continue to step up and support those in need! We will get through this -- together. https://t.co/fA5gO9zUE0,2020-05-29 16:01:11,Gain Platform,1,0
Maintaining food supply and safety is critical right now and I am pushing for the U.S. Food and Drug Administration to prepare to resume absolutely essential routine inspections.   LEARN MORE &gt;&gt; https://t.co/ahSr6MATUu,2020-05-28 23:00:48,Gain Platform,1,0
We need to say it: Black Lives Matter. Accountability and reform is needed to stop this tragic violence -- and we need it NOW.  George Floyd moved to Minnesota for a better life. Get to know George today:  https://t.co/6Dl5pUrX8s https://t.co/g7bgh64a9s,2020-05-28 22:30:47,Gain Platform,0,2
"DeGette calls on postmaster general to ensure Denver mail center is safe" &gt;&gt; https://t.co/mpC3cCbCuJ  Our USPS is only as strong as the health of their dedicated employees. We must make responsible choices that puts the health and safety of our workers and our community first. https://t.co/jth3v7f5RL,2020-05-27 16:00:46,Gain Platform,1,0
Every day in Congress you and your concerns are top of mind. Thank you to everyone who has shared their stories and their thoughts about this pandemic. https://t.co/ylBfVd1GNk,2020-05-26 16:00:12,Gain Platform,1,0
Today we honor those who've died protecting and defending our freedoms.   Join me this Memorial Day in expressing our deepest gratitude to the brave women and men in uniform who have laid down their lives for us.,2020-05-25 13:00:48,Gain Platform,1,0
As #Ramadan comes to a close I wish Colorado's Muslim community joy peace and good health.   THANK YOU for celebrating safely this year -- we will get through this together. https://t.co/2wMpCsL1ns,2020-05-24 13:00:51,Gain Platform,1,0
We asked and you answered. Here's what some of you had to say about the COVID-19 crisis: https://t.co/Esl60zhgSG,2020-05-23 16:00:44,Gain Platform,1,0
"DeGette announces COVID-19 oversight agenda" &gt;&gt; https://t.co/7XIT0y0Thp  The administration’s response has been inconsistent and inadequate. Oversight is one of Congress' essential duties and a life-saving step to ensure public health is prioritized moving forward. https://t.co/urZmec0hcb,2020-05-22 17:00:18,Gain Platform,1,0
It's been 100 years since the House passed the 19th amendment followed by the Senate 2 weeks later.  It's not lost on me that the suffragettes fought for this incredible victory during our last pandemic overcoming their own public health crisis in the pursuit of justice. https://t.co/A8SDORFrcz,2020-05-21 13:00:08,Gain Platform,3,6
"Trump threatens to halt WHO funding review U.S. membership" &gt;&gt; https://t.co/RxuYcTxSyy  We must continue to support the life-saving work of @WHO. We cannot allow this administration to scapegoat a leading global public health organization for its own failed response efforts. https://t.co/fj02EL5s4z,2020-05-20 16:00:09,Gain Platform,1,1
I got to chat with the @DenverNorthStar about COVID-19 health care the environment and more.   Check it out now: https://t.co/Z4cvk2zVSa https://t.co/y3xl4HvSDm,2020-05-19 18:00:05,Gain Platform,0,2
Access to reproductive health care is only getting more and more difficult worldwide.   That's why we must put women's health first and end the sexist harmful global gag rule before it's too late.   LEARN MORE &gt;&gt; https://t.co/GzFabYOgqf https://t.co/sSRl0aqChp,2020-05-19 00:00:03,Gain Platform,2,0
"House Democrats pass $3 trillion coronavirus relief bill despite Trump’s veto threat" &gt;&gt; https://t.co/xn3PzhHkvw  The HEROES Act is exactly the kind of smart comprehensive policy we need right now. https://t.co/jPdzWzu0FD,2020-05-18 18:00:48,Gain Platform,1,0
In honor of the International Day Against Homophobia and Transphobia I encourage you to join @One_Colorado's efforts to build community and connect #LGBTQ Coloradans to the resources they need right now.  Sign up to make calls and send texts today: https://t.co/TxImv9NG6q,2020-05-17 14:00:38,Gain Platform,3,5
Anti-choice lawmakers across the country want to use this crisis as a chance to restrict women's access to reproductive health care. We must speak out now -- and loudly -- before this case is decided in the Supreme Court next month.   LEARN MORE &gt;&gt; https://t.co/gNs1G1CmeK,2020-05-16 16:00:19,Gain Platform,1,0
It looks like 62.5% of the 1st district has completed the 2020 census: https://t.co/uPYeICcZQ3   Let's close that gap this weekend! It's quick and easy so click here to complete the census online today &gt;&gt; https://t.co/sGCVEahHQc,2020-05-16 14:00:13,Gain Platform,1,1
Hey @jasoncrowCO6 @Ed4Colorado the 1st district's Census numbers are moving up every day — we're closing the gap! Don't get too comfortable in that top spot 💪🏻  Complete the 2020 Census Today &gt;&gt; https://t.co/54ymtN0XFi  https://t.co/YdWO2WqMV5,2020-05-15 20:25:56,Gain Platform,1,0
"Democrats’ HEROES Act National Coronavirus Relief Bill Carries A Lot Of Colorado Ideas" &gt;&gt; https://t.co/FvA1f9TudK  Our priority is clear: YOU. This bold new bill will do many things including my recommendation to study the short and long-term health impacts of this virus. https://t.co/SiDmeVP3yz,2020-05-15 17:03:49,Gain Platform,1,1
Workers are afraid and it's up to us to protect their lives and the lives of their families. I'm demanding clearer and enforceable CDC guidelines -- you can learn more from my appearance on @CBSDenver this week.  WATCH NOW &gt;&gt; https://t.co/JANqWOghEj https://t.co/4EixPqSW29,2020-05-13 16:26:28,Gain Platform,1,0
I want to hear from you today. Which would you choose?  Putting food on the table vs. refilling your prescription. Lose a day's pay vs. go to work sick Risk getting sick vs. going to vote.  Let me know: https://t.co/YZO9ueM6Ck,2020-05-12 16:00:44,Gain Platform,1,0
I am proud to stand with the members of the @AFLCIOCO. Thank you for your support. https://t.co/7hXQLgo1Xb,2020-05-12 15:10:53,Twitter Web App,1,1
The Trump administration has dealt yet another blow to transparency and accountability in our government:  "Trump removes independent watchdog for coronavirus funds upending oversight panel" &gt;&gt; https://t.co/EQeABnuBzo https://t.co/QV2ZNukdxr,2020-05-11 21:02:00,Gain Platform,1,0
"Trump administration buries detailed CDC advice on reopening" &gt;&gt; https://t.co/XDfWkRm41E  When our nation's top disease investigators provide expert guidance -- lawmakers must listen.   This lack of leadership from the White House is incredibly dangerous. https://t.co/tq83FM0fRd,2020-05-10 13:00:48,Gain Platform,1,0
Tribal and Urban Indian health care facilities need emergency relief funding to stay afloat too.  We cannot risk putting the 2.6 million American Indians and Alaska Natives across the U.S. at further risk.  READ MORE: https://t.co/wjyfmUUiFj,2020-05-09 16:00:02,Gain Platform,1,0
"Denver City Council to demand Colorado meat-packing industry improve workers’ safety" &gt;&gt; https://t.co/xsvzxRxlcA  I stand with Colorado's meat-packing industry workers. These essential employees need -- and deserve -- safe working conditions. #ColoradoPolitics https://t.co/G5FS39VtNZ,2020-05-08 17:00:32,Gain Platform,1,2
"Trump vows complete end of Obamacare law despite pandemic" &gt;&gt; https://t.co/VMhDf7VzSR  Absolutely unconscionable. The coronavirus has killed over 70000 Americans so far yet Trump is doubling down on his efforts to take away health care from working families. https://t.co/naDvuHxqZh,2020-05-07 16:52:48,Gain Platform,1,0
Please remember that everyone in Denver is required to wear a face mask when outside of their home and unable to maintain a safe distance.  Learn more about this necessary safety precaution here: https://t.co/lg1LRdAmI5 https://t.co/1fyVBZatTP,2020-05-06 20:45:42,Gain Platform,1,0
The U.S. scientific research workforce needs us and I'm proud to be leading the charge to ensure we support them through this crisis.   I'm fighting for $26 billion in our next relief package -- learn more about these critical efforts today &gt;&gt; https://t.co/gfIDNg7Q7X https://t.co/HrIT8NWrZG,2020-05-05 23:00:19,Gain Platform,1,0
@JoeBiden is the leader we need to defeat this pandemic and come out of it stronger than before.   That’s why I’m working hard to elect Joe in November -- and I hope you'll join me.   Check out my op-ed in the @ColoradoSun to learn more &gt;&gt; https://t.co/8MI7ADEzAB,2020-05-04 17:00:52,Gain Platform,0,1
University closures mean many laboratories have had to shut down and clinical trials are on hold -- but we need to get our nation's scientists back to work.  I'm proposing $26 billion in funding to preserve our scientific infrastructure &gt;&gt; https://t.co/Ma73nZ3EsL https://t.co/bxe1IdeJ6k,2020-05-03 16:00:23,Gain Platform,2,4
@COPublicRadio: "Drug Tested In Colorado Shows Promise In Shortening Coronavirus Symptoms" &gt;&gt; https://t.co/A93mcPzeKO  There's still a lot more to learn -- but this is why we need to believe scientists and support the life-saving work they're doing right now. https://t.co/5BhSZwt2Ji,2020-05-02 14:00:10,Gain Platform,0,0
Public employers like hospitals schools and city and county agencies need access to the same emergency paid leave as private employers -- and the bipartisan Supporting State and Local Leaders Act will do just that.   LEARN MORE &gt;&gt; https://t.co/vYENL3SyJq,2020-04-30 22:05:55,Gain Platform,1,0
ICYMI: Take a look at this op-ed in @thehill by myself and @BettyMcCollum04 &gt;&gt; https://t.co/4T9loFaN6h  Improving air quality must be a component of our response to this respiratory virus -- environmental protections ARE a public health strategy. https://t.co/xrzartoWGg,2020-04-29 23:00:18,Gain Platform,1,0
Cures 2.0 will now address our nation's need for pandemic readiness requiring the executive branch to deploy a national testing and data sharing infrastructure and ensure the medical supplies we need are ready and available when necessary.   LEARN MORE &gt;&gt; https://t.co/YFFUyvo2Ft https://t.co/2nc9GNTO3i,2020-04-29 17:00:08,Gain Platform,1,0
A top priority for House Democrats in the next emergency relief package: funding for state and local governments.   Coloradans rely on critical municipal services that -- without revenue -- still need funding provided without disruption.    MORE &gt;&gt; https://t.co/RRhdLl3zzZ https://t.co/tVwfsdBbeR,2020-04-28 19:00:07,Gain Platform,1,0
"Like Any Mom-and-Pop Shop Marijuana Dispensaries Need Help" &gt;&gt; https://t.co/SzWysLSxaz  No small business should be left behind.   This legal and profitable CO industry should be treated equally -- including access to the emergency relief funds they need right now. https://t.co/hNgpBmSNuh,2020-04-27 18:00:39,Gain Platform,2,1
Wishing you a safe reflective month of fasting prayer and virtual community to everyone observing Ramadan during these trying times.  @nytimes: "‘We Will Make the Best Out of It’: Ramadan Amid a Pandemic" &gt;&gt; https://t.co/9H7NH0c6Zq https://t.co/hvp4K24ray,2020-04-26 16:00:15,Gain Platform,1,0
I'm proud to join @JoeBiden on this #SoulSaturday to thank our Frontline workers! https://t.co/cvKP5hOM0w,2020-04-25 21:54:14,Twitter Web App,3,2
"Trump’s Idea to Inject Disinfectant to Kill Coronavirus Alarms Medical Experts" &gt;&gt; https://t.co/B9pHsMZzs8  As public servants it is our job to keep you informed and safe -- not mislead and put even more American lives at risk with reckless (and deadly) pseudoscience. https://t.co/ZWEJrSHHWm,2020-04-25 16:00:08,Gain Platform,1,1
There's still much to be done but CARES 1.5 will provide funding for:  ✅ small businesses including carve-outs for underserved rural urban and tribal communities;   ✅ national testing; and  ✅ hospitals and frontline health care workers.  LEARN MORE: https://t.co/4EzWue0vec https://t.co/mHjChV93wC,2020-04-24 23:00:03,Gain Platform,1,0
The lack of action on a national testing strategy is baffling.   If we're going to re-open this country safely we need to make sure everyone who needs to can get tested. Anything less puts countless lives at risk -- we can and must do better.   MORE &gt;&gt; https://t.co/0HUq4csr4x https://t.co/FUQaUk12Jq,2020-04-24 16:00:26,Gain Platform,1,0
"New Immigration Limits Cause Anxiety in Families and Businesses" &gt;&gt; https://t.co/Mk9er5ykZK  No one should be using this pandemic to push forward their cruel anti-immigrant agenda. https://t.co/pO34Bmv98X,2020-04-23 16:00:28,Gain Platform,2,2
"Trump officials reject stricter air quality standards despite link between air pollution coronavirus risks" &gt;&gt; https://t.co/0gLVx2bhYS  Protecting the environment is a public health strategy. Clean air and respiratory functioning are more important than ever. #EarthDay2020 https://t.co/xgezu4wUEa,2020-04-22 16:01:12,Gain Platform,2,2
If Trump is serious about saving lives and reopening the country then he must use the Defense Production Act to facilitate the large-scale production and deployment of precise coronavirus testing.   Check out my @denverpost op-ed on this issue today &gt;&gt; https://t.co/VoLJbbj4cm https://t.co/3mzB7fp1DR,2020-04-21 16:00:54,Gain Platform,0,0
Today we honor the memories of the 13 innocent Coloradans who lost their lives at Columbine High School 21 years ago.   Ours is not the only community torn apart by gun violence. The Senate must follow the House's lead in passing life-saving gun safety policies NOW.,2020-04-20 14:00:57,Gain Platform,1,0
@ColoradoSun: "Uncertainty fuels coronavirus scams misinformation around Colorado" &gt;&gt; https://t.co/jsB1FXjKJd  Please rely only on official reliable sources:  CO Dept. of Health &gt;&gt; https://t.co/3Kb8LcI5s5 CDC &gt;&gt; https://t.co/gnGRWuBRcQ IRS &gt;&gt; https://t.co/xCs7AGfwde https://t.co/XbcFUPOxL7,2020-04-19 16:00:35,Gain Platform,0,0
IMPORTANT UPDATE: The Colorado Department of Labor and Employment is working hard to ensure that self-employed and gig economy workers can soon access the benefits they need and deserve from the CARES Act.   Learn more &gt;&gt; https://t.co/st3WMnHIKA https://t.co/XwkM2PmYwF,2020-04-18 16:00:16,Gain Platform,1,0
"Coronavirus Relief: Proposed Bill Would Give Americans $2000 A Month During Pandemic" &gt;&gt; https://t.co/1Tbp9Oup3m  Unprecedented problems calls for unprecedented solutions. This bill will get desperately needed cash to hard-working families until normal employment levels return. https://t.co/OQNyKBu87A,2020-04-17 16:00:30,Gain Platform,1,1
@nytimes: "Trump Halts U.S. Funding of World Health Organization" &gt;&gt; https://t.co/NxZcHRhjEh  Now is not the time to attack and defund the W.H.O. Public health must be prioritized over presidential ego -- entirely too many lives are on the line. https://t.co/eeTGoul90k,2020-04-16 16:00:46,Gain Platform,0,0
@denverpost: "People of color in Colorado disproportionately impacted by coronavirus state’s first racial data shows" &gt;&gt; https://t.co/aMQoLx5bwF    Disease doesn't discriminate -- and it's time Congress acts to address the need for racial equity in emergency relief efforts. https://t.co/2X3NzScMii,2020-04-15 16:00:45,Gain Platform,0,1
Trump's ban on fetal tissue research is preventing our nation’s top scientists from advancing potentially life-saving research.   In the midst of this unprecedented global health crisis we should be doing everything we can to find cures.   READ MORE &gt;&gt; https://t.co/h2Ug9PfsYa https://t.co/B5ymDYCVGi,2020-04-14 19:27:41,Gain Platform,4,3
Wishing you and your families a Happy Easter!   And if you're looking for a fun virtual way to celebrate with your household this year:   "Virtual egg hunts keeping Easter traditions alive in Colorado" &gt;&gt; https://t.co/edKKtgNuf4 https://t.co/88baPnOXsX,2020-04-12 14:00:22,Gain Platform,2,1
@denverpost: "Social distancing has pushed Colorado’s coronavirus peak to May at the earliest health officials say" &gt;&gt; https://t.co/ZX5VHGbWFy  This means our hospitals have more time to prepare. All the work you're doing to stay home and stay safe is working -- keep it up! https://t.co/psMq0G4vht,2020-04-11 16:00:58,Gain Platform,1,1
@CBSDenver: "Diana DeGette Urges FDA To Warn Doctors About Prescribing Hydroxychloroquine For Coronavirus" &gt;&gt; https://t.co/MNwbpw4BrH   Contradicting the recommendations of the FDA during a public health crisis is not a safe or productive path forward. https://t.co/PM7RDbhq6q,2020-04-10 16:00:36,Gain Platform,0,0
I want Colorado to get every ventilator it can -- but this is very disturbing:  READ MORE &gt;&gt; https://t.co/aMc8tjPT4u  Dolling out life-saving medical equipment as political favors during a pandemic is beyond inappropriate. https://t.co/KUvANXcLhi,2020-04-09 23:00:25,Gain Platform,3,9
More relief is needed -- and is coming.   @CPRNews: "Colorado Congressional Delegation Eyes Another Coronavirus Relief Package"   LEARN MORE &gt;&gt; https://t.co/kFCDXJg2xn https://t.co/GpvL4GmotY,2020-04-09 16:01:01,Gain Platform,1,1
Wishing a safe and happy Passover to everyone who is celebrating.   Holiday traditions will look and feel a little different right now but I sincerely hope you will be able to find peace and comfort in your celebrations -- whether in your own homes or online.,2020-04-09 00:00:02,Gain Platform,1,0
See below for my full statement in support of @JoeBiden. He has what it takes to be our next President and to beat Trump in November #copolitics https://t.co/PYIqGZB2OY,2020-04-08 18:55:59,Twitter Web App,2,3
I want to say thank you to the frontline child care workers and to the families miraculously balancing their careers and children right now.  @CPRNews: "Colorado Child Care Centers -- And Parents Who Need Them -- Squeezed During Coronavirus Outbreak" &gt;&gt; https://t.co/4n1DBDwKKC https://t.co/FRsuO3KY5C,2020-04-08 16:00:31,Gain Platform,1,0
@SentinelColo: "Trump admin tries to narrow stockpile’s role for states" &gt;&gt; https://t.co/Cm3gfE01mF  We should be spending every waking moment getting life-saving supplies to our health care providers on the frontlines -- not editing the Strategic National Stockpile website. https://t.co/GnpOptJ3gO,2020-04-07 23:00:47,Gain Platform,0,0
There's no doubt that each and every one of us has been impacted by the coronavirus. That's why I wanted to take a minute to check in and hear how you're doing.   If you're comfortable sharing please take this short COVID-19 impact survey today: https://t.co/vweq289bVj,2020-04-07 19:11:14,Gain Platform,1,0
More than half of all Coloradans still need to fill out the 2020 census. If that's you you can do it online today &gt;&gt; https://t.co/8qYd4fXlfm  It's critical we ensure everyone gets counted this year. https://t.co/XYATObkJAM,2020-04-06 16:00:45,Gain Platform,2,1
"Denver is ‘showing up for each other’ through newly launched phone bank for senior citizens" #COpolitics &gt;&gt; https://t.co/DKgLCkG6nL  So amazing to see neighbors helping neighbors through this difficult time. Very proud of my fellow Denverites today! https://t.co/xZuIjtoCdq,2020-04-05 16:00:54,Gain Platform,1,2
This direct attack on both public health and our planet is unacceptable. Now is not the time to roll back the environmental regulations critical to our efforts to combat climate change.  READ MORE &gt;&gt; https://t.co/bzQkkGk1dQ https://t.co/NxI6GvWBtp,2020-04-04 15:41:40,Gain Platform,1,1
"Colorado is extending its special health insurance enrollment period because so many are rushing to get coverage" &gt;&gt; https://t.co/PgncWyNxCt   More Americans are out of work and need access to life-saving health care. That's why I'm working on this on the federal level as well. https://t.co/r9q7usgFwk,2020-04-03 16:00:27,Gain Platform,2,1
I want you to know my priorities for the fourth piece of COVID-19 legislation:  ✅ Additional support for workers; ✅ Rent relief;  ✅ No-cost coronavirus treatment; and ✅ Congressional investigation into the federal government's failed response.  MORE &gt;&gt; https://t.co/Q1BgBXWEO9 https://t.co/NA715VlPNL,2020-04-02 16:00:25,Gain Platform,1,3
@denverpost: "Colorado’s unemployment rate is poised to double in less than three weeks." &gt;&gt; https://t.co/2IrTM8Yo5X  The best thing we can all do right now is to get and stay prepared.  Check your eligibility or file a claim today: https://t.co/ADUKpRdFSJ https://t.co/MP5TYqQ78f,2020-04-01 16:00:26,Gain Platform,0,0
Today is #EqualPayDay a time to remember that women still earn only 81.6 cents for every dollar a man makes -- and that number is even lower for women of color.   The COVID-19 pandemic has only amplified and exacerbated these inequalities.   Learn more &gt;&gt; https://t.co/0zn3MeKTAh https://t.co/DU1cnF3CDv,2020-03-31 16:00:32,Gain Platform,1,0
While there is still much more to be done our third piece of COVID-19 legislation will bring much needed economic relief to American workers.  @CNBC: "Trump signs $2 trillion coronavirus relief bill as the US tries to prevent economic devastation" &gt;&gt; https://t.co/HgwePJm16R,2020-03-30 19:38:59,Gain Platform,1,0
ICYMI: Last Friday I introduced the No Cost for COVID-19 Testing Act to require all health insurance companies to cover the full cost of all coronavirus testing.  READ MORE: https://t.co/BebcDXU7eY https://t.co/auUYEPR0rn,2020-03-30 18:11:25,Gain Platform,1,2
If you're on hospital staff or are an emergency responder:  1. THANK YOU for your service!   2. Here's how to secure much-needed childcare for your family as you continue to serve on the frontline of this pandemic &gt;&gt; https://t.co/vvpGkqwPNo https://t.co/FfraD9Jjdv,2020-03-29 16:00:28,Gain Platform,1,1
"Coronavirus relief loans are available for small Colorado businesses. Here’s how to apply" &gt;&gt; https://t.co/w6wHa1wPyl   Small businesses employ over 1.1 million Coloradans.   It's critical we stand with them now and ensure they are supported through this crisis. https://t.co/6vwUc2vqki,2020-03-28 16:00:34,Gain Platform,1,0
Here's everything you need to know about unemployment eligibility and how to apply &gt;&gt; https://t.co/ADUKpRdFSJ  I'm working now to expand these benefits -- including providing access for part-time self-employed and gig economy workers.,2020-03-27 16:48:48,Gain Platform,0,0
Staying home presents many different challenges to our well-being. If you ever feel unsafe please know there are resources available to help you.  National Domestic Violence Hotline: 1-800-799-7233  SafeHouse Denver Inc.: 303-318-9989  MORE: https://t.co/ckK27hUnM2,2020-03-26 20:50:53,Gain Platform,1,0
Denver's stay-at-home order is in effect. Please do your part to help flatten the curve and save lives!   Work from home tips &gt;&gt; https://t.co/9LlHRLazmu  Keep kids entertained &gt;&gt; https://t.co/Jb7RaCwvJK   Prioritize your physical and mental health &gt;&gt; https://t.co/7Tgbk9W70X,2020-03-25 19:37:23,Gain Platform,0,0
Have federal student loans? For the next 60 days your interest rates will be at 0% and you can suspend payments without penalty.   LEARN MORE: https://t.co/nzglLN5T4I   We must put the needs of everyday people first as we continue to address this unprecedented crisis.,2020-03-23 18:00:12,Gain Platform,1,0
@ColoradoSun: "Colorado researchers are racing to find an antiviral drug that could save people with the new coronavirus" &gt;&gt; https://t.co/dQR38HYZTb   Some much-needed hope coming out of Colorado today! https://t.co/J67jWpXqy3,2020-03-20 15:55:09,Gain Platform,3,0
The Defense Production Act must be used to increase production of life-saving equipment like ventilators for our health care workers. They are bravely serving on the frontlines of this global health crisis and it's vital we keep them safe. READ MORE &gt;&gt; https://t.co/Gm4JPrstdH,2020-03-19 21:12:28,Gain Platform,0,1
If you weren't able to listen in on Monday's telephone town hall here's some of what you missed &gt;&gt; https://t.co/J5p34vfOIp https://t.co/33rmYIhv0z,2020-03-18 15:36:19,Gain Platform,1,1
@ColoradoSun: "Inside the Colorado State University lab that is trying to develop the world’s first vaccine for COVID-19" &gt;&gt; https://t.co/cQzwRXtJw6  Proud to see Colorado scientists taking the lead in developing a much-needed coronavirus vaccine. https://t.co/08E3ks2fLv,2020-03-17 16:00:31,Gain Platform,0,0
The House has passed the Families First Coronavirus Response Act to address the economic well-being of our communities during this crisis.   LEARN MORE: https://t.co/Sy2B4322QV,2020-03-16 23:00:21,Gain Platform,1,0
Colorado hospitals are preparing for a surge in new patients. That's why it's critical we follow all CDC-recommended procedures to reduce the rate of new infections and prevent overwhelming our health system.   READ MORE &gt;&gt; https://t.co/2YYLNTRfCO https://t.co/6YkUv3k42I,2020-03-14 16:00:12,Gain Platform,2,1
"Colorado congresswoman moves to make coronavirus testing free nationwide" &gt;&gt; https://t.co/vb5C0sgZOM  We need to make sure everyone in our country is able to access COVID-19 testing. All health insurance plans must cover the full cost -- lives are at stake here. https://t.co/3OA9NpbRvy,2020-03-13 16:00:37,Gain Platform,2,3
3 years ago today my colleagues and I wrote a letter to @realDonaldTrump titled: Senate and House Leaders Raise Concerns About the Impact of President Trump's Decisions on HHS and CDC Preparedness for a Flu Pandemic.  https://t.co/w3Tamn8QGa,2020-03-13 15:04:47,Twitter Web App,1,1
We need to be doing MORE to protect the environment and address climate change -- not less.  That's why I'm co-sponsoring the resolution opposing Trump's attempt to rollback vital provisions of the National Environmental Policy Act.  READ MORE &gt;&gt; https://t.co/1c18qPzXhs https://t.co/1MHQMmVT2k,2020-03-12 16:01:09,Gain Platform,1,0
It is important and critical work to be trusted to help lead our fight against the coronavirus outbreak.   This will be a first tranche of budget and we're prepared to put whatever resources we need on the table.   MORE &gt;&gt; https://t.co/NzTl4OkBeI https://t.co/6Q8PXaIVme,2020-03-11 16:00:34,Gain Platform,1,0
@CPRNews: "Colorado’s Congressional Reps Are Huddling To Ensure The State Gets Their Share Of Federal Coronavirus Response" &gt;&gt; https://t.co/dxAMd2Sw6f  Please remember to do your part to help keep our communities healthy: https://t.co/87MbiO0clN,2020-03-10 16:00:10,Gain Platform,0,0
THANK YOU to everyone who participated in the caucus this weekend and signed up to be a "Delegate for Diana." It's remarkable to see so many friends neighbors and fellow Coloradans taking our democracy into their own hands!,2020-03-09 16:00:22,Gain Platform,1,0
Another victory for women! I'm excited for a world where little girls visiting our nation's capital will be able see some of the incredible contributions women have made to this country throughout our history.   LEARN MORE: https://t.co/ymCBgz3xiN https://t.co/3IPodQgZ5X,2020-03-06 17:01:05,Gain Platform,1,2
"Ticket Sellers Show Support for All-in Pricing Mandate to Disclose Fees Upfront" &gt;&gt; https://t.co/5X7u9gL9J9  Glad to see our push for transparency at last week's hearing is moving us quickly to the kind of solutions that will benefit American consumers. https://t.co/Gv9gUytGaz,2020-03-05 17:00:16,Gain Platform,1,0
Trump's cruel new "public charge" rule is now in effect. These attacks on the most vulnerable among us are absolutely unconscionable. MORE &gt;&gt; https://t.co/Trv9kmsVan https://t.co/oVLEN1NASG,2020-03-04 17:00:49,Gain Platform,1,1
Happy Election Day. Turn in those ballots by 7p and remember it's too late to mail so take them to a drop box. In Denver your ballot drop locations can be found here: https://t.co/wja7Dgm0c7,2020-03-03 17:09:17,Twitter Web App,1,0
Proud to co-sponsor this resolution with @DebDingell. We must stop this Administration's attacks on our environment #copolitics https://t.co/ad2PV5ob4c,2020-03-02 17:05:17,Twitter Web App,1,0
https://t.co/L0Q4Fh0xp1 &gt;&gt; This administration's response to the coronavirus outbreak is woefully inadequate.   House Democrats are currently working on a funding package that will better address the scale and seriousness of this public health crisis. https://t.co/pRRpncG6V8,2020-03-01 17:00:59,Gain Platform,1,0
@CNN: "Appeals court sides with Florida ex-felons in fight for voting rights"  Such an exciting and necessary victory. Read more here: https://t.co/lDte5xJFyj https://t.co/mxNwgD1ghv,2020-02-29 17:00:28,Gain Platform,0,1
Climate change is the greatest existential threat of our lifetimes. MORE: https://t.co/1YIkM1FaKK  Add your name now to support my plan for a new federal clean-energy standard that would cut carbon emissions in half by 2030 and net-zero by 2050 &gt;&gt; https://t.co/mO4BxjlhzO https://t.co/Xqg6H4nb5s,2020-02-28 17:00:43,Gain Platform,1,1
@CBSNews: "Mississippi's controversial six-week abortion ban struck down by federal judge panel" &gt;&gt; https://t.co/WfVFJApetF  Amidst ever-increasing attacks on Roe v. Wade this is certainly an encouraging victory for women everywhere ✊🏼 https://t.co/iJSZrGBGFL,2020-02-27 17:01:03,Gain Platform,0,0
Today we're holding a hearing on the ticketing ecosystem to ensure consumers are treated fairly. We must put an end to deceptive practices ensuring transparency when you and your family are making decisions about your entertainment options. READ MORE &gt;&gt; https://t.co/03xLrDvx2I https://t.co/BaGWufI1jY,2020-02-26 17:00:46,Gain Platform,1,1
@CPRNews: "It’s ‘Very Easy For Kids To Get Vaping Products.’ This Colorado 9-Year-Old Can Show You" &gt;&gt; https://t.co/ulwcgo4ZPP  The federal ban on flavored e-cigarettes is now in effect but there's still more to do to protect the health and safety of our children. https://t.co/mmpyRE7qq6,2020-02-25 17:00:37,Gain Platform,0,0
Thanks to my 21st Century Cures Act medical innovation is accelerating and advanced treatment options and products are saving lives. READ MORE: https://t.co/B3kuHcbr4v https://t.co/62NZ4c2iOq,2020-02-23 17:00:50,Gain Platform,1,0
The president was in Colorado yesterday to boast about all the good he thinks he's done for our state.   But between his numerous attacks on Coloradans’ health care and failure to protect our environment I respectfully disagree.   MORE &gt;&gt; https://t.co/ttpEpOIeep,2020-02-21 17:00:48,Gain Platform,1,0
@CNBC: "Earth just had its hottest January on record as climate change accelerates" &gt;&gt; https://t.co/GcUS3XdFrQ   Climate Change is a real and existential threat. That's why I'm working hard to create the first national clean energy standard with my CLEAN Future Act. https://t.co/Cxx2LaNcMg,2020-02-20 17:00:55,Gain Platform,0,0
ICYMI: My Colorado Wilderness Act passed the House last week.   Listen now to my conversation with @WstrnPriorities to learn more about this landmark legislation &gt;&gt; https://t.co/Q3UMVHXJAA https://t.co/iQNYCaJelO,2020-02-19 17:00:29,Gain Platform,0,3
@WSJ: "Trump to Propose $4.8 Trillion Budget With Big Safety-Net Cuts" &gt;&gt; https://t.co/1PGmbr4crD  A president's budget reflects his priorities -- and working people clearly aren't one of them. Americans rely on programs like Social Security and it's up to us to protect them. https://t.co/s516zant68,2020-02-18 17:01:03,Gain Platform,0,0
We made history last week! Led by the House's first female speaker we voted to ensure the Constitution guarantees equal protection for our nation's women.   We're now one step closer to finally ratifying the Equal Rights Amendment &gt;&gt; https://t.co/571VxhvBDY https://t.co/gcoQrzR3fI,2020-02-17 17:00:24,Gain Platform,1,1
Another victory for American workers! The House passed the Protecting the Right to Organize Act to strengthen our labor unions and empower workers to fight for higher wages better benefits and safer working conditions.   Read more &gt;&gt; https://t.co/sGZG65YccM https://t.co/fFqzzSwCdT,2020-02-16 17:00:53,Gain Platform,1,1
ICYMI: Check out my op-ed in @colo_politics about the work I'm doing to stand up to Trump and protect our public lands here in Colorado.   Read more &gt;&gt; https://t.co/WdvrGIMZuI https://t.co/V9Y04RpBmu,2020-02-15 17:01:10,Gain Platform,1,1
The outdoors are for everyone -- including LGBTQ+ Americans. I urge U.S. Secretary of the Interior David Bernhardt to reverse his elimination of "sexual orientation" from the department's anti-discrimination guidelines.  LEARN MORE: https://t.co/7u9Tjwne70 https://t.co/pbrqLQZmMJ,2020-02-14 17:00:43,Gain Platform,1,0
"Supreme Court ruling on 'public charge' rule could affect thousands of Colorado immigrants" &gt;&gt; https://t.co/AASnyekuhO   Absolutely shameful. I stand with our immigrant community and promise to continue my fight to reform our broken inhumane immigration system. https://t.co/BegRO0cCWg,2020-02-13 17:00:24,Gain Platform,0,0
An exciting victory for public lands! After years of hard work I'm incredibly proud to have gotten my Colorado Wilderness Act over the finish line in the House to permanently protect over 660000 acres of wilderness across CO. #COpolitics  Learn more &gt;&gt; https://t.co/r9ciTyiaAI https://t.co/9HWy8PKSfN,2020-02-13 01:00:25,Gain Platform,1,4
@DenverWestword: "From Denver to D.C. Colorado Pols Push for Lighter Hemp Rules"  Proud to see Colorado continuing to lead the way on cannabis reform standing up for farmers and innovating in this new industry.  See more &gt;&gt; https://t.co/U0X1kSZmip https://t.co/j8MAeGuuoL,2020-02-12 17:01:10,Gain Platform,2,4
Despite the widespread success this commonsense law has had the Trump Admin is trying to gut it — and if that weren’t egregious enough they are trying to short-circuit the process to get their changes enacted as soon as possible #copolitics https://t.co/ZuCdSvDNWw,2020-02-11 17:38:20,Twitter Web App,1,0
Glad to be joined by 54 of my House colleagues in asking the Trump Administration to remove all flavored e-cigarettes from the market.   Learn more about our efforts here: https://t.co/1RXA2o6R47 https://t.co/8zI3UccbU3,2020-02-11 17:00:39,Gain Platform,1,0
It's time to #StopEndlessWar ✊🏼 I voted to repeal the 2002 AUMF that the president used to justify his reckless decision to bring us to the brink of war with Iran. MORE &gt;&gt; https://t.co/BYe6ZtkOzb,2020-02-10 17:00:19,Gain Platform,1,0
As chair of the committee that oversees the CDC and National Institute of Health I joined KOA News Radio to discuss the coronavirus being labeled a global emergency and what steps are being taken to ensure the safety of those in the U.S.  CHECK IT OUT: https://t.co/2VkbBpJND1 https://t.co/LEQGxTXhED,2020-02-09 17:00:21,Gain Platform,1,0
Coronavirus is dangerous but remains largely contained to mainland China. In the meantime it's critical we make sure we're prepared to quickly develop and distribute a vaccine to the American public in the unlikely event of an outbreak here.  Read more &gt;&gt; https://t.co/Cr2xtuspf1,2020-02-07 17:00:55,Gain Platform,1,0
What happened last April should never have happened. We need to know why our federal firearm background check system failed and what needs to be done to ensure it never happens again. #COpolitics &gt;&gt; https://t.co/tOSfkKs6z5 https://t.co/K8K3CaxpI0,2020-02-06 17:00:07,Gain Platform,0,1
Although I am as angry and disappointed as anyone with Republican efforts to sweep Trump’s misconduct under the rug now is not the time to agonize -- it's time to organize. #DontAgonizeOrganize  Get involved today &gt;&gt; https://t.co/jCTqHZEhOx https://t.co/6jssrsHFhq,2020-02-06 01:00:08,Gain Platform,1,4
Earlier this week I met with Denver high school students to talk about vaping. We wanted to know what’s drawing our students to use these potentially dangerous products and take their stories back to D.C. to confront the companies that make them.   MORE: https://t.co/HNgTTM9DwK,2020-02-05 14:00:12,Gain Platform,1,1
Learn more about our ongoing efforts to curb this next wave of the opioid crisis &gt;&gt; https://t.co/PoIeqQvxEr https://t.co/xXq9iT06Jt,2020-02-04 17:00:46,Gain Platform,1,0
This administration's latest attack on legal immigrants grotesquely targets the least financially stable and folks from non-English-speaking countries. It's shameful -- this is NOT who we are as a nation.   MORE &gt;&gt; https://t.co/qApKv9TMHX https://t.co/T9XxhzoDLH,2020-02-03 17:00:09,Gain Platform,1,2
ICYMI ➡️ I got the chance to chat with #TheVillagerNewspaper last week.   READ MORE: https://t.co/q1cZ5Tg2Nw,2020-02-01 17:00:02,Gain Platform,1,0
@CBSDenver: "Colorado Congresswoman Diana DeGette Demands Answers From Vaping Company CEOs"   Read more today ➡️ https://t.co/upjYNrDSep https://t.co/LYbwiGIgFs,2020-01-31 17:00:19,Gain Platform,0,0
I'm proud to be conducting much-needed oversight of Big Tobacco next month. More from @statnews here &gt;&gt; https://t.co/sIto8069Cz https://t.co/N16PjwH1Mu,2020-01-29 20:05:20,Gain Platform,2,1
Thank you @One_Colorado for your support and for all the work you do! #copolitics https://t.co/sERNdbmGMf,2020-01-29 19:56:03,Twitter Web App,3,12
FYI I’ll be meeting this week with the Centers for Disease Control and National Institutes of Health about the coronavirus and what we’re doing from the public health perspective to stop it.  MORE &gt;&gt; https://t.co/Y2VNowLQgP,2020-01-28 20:14:55,Gain Platform,1,1
.@washingtonpost: "Trump planning to divert additional $7.2 billion in Pentagon funds for border wall"  Shameful.   READ MORE &gt;&gt; https://t.co/ny9cIgKivO https://t.co/F7Va3TStr3,2020-01-25 17:00:11,Gain Platform,1,0
Proud to be leading our efforts to build bipartisan opposition to Trump's latest rollbacks on critical environmental protections already in place.   MORE: https://t.co/jNzQJTZAGC  There is no Planet B -- and it's about time this administration stopped pretending there is.,2020-01-24 17:00:53,Gain Platform,1,2
I was proud to join @CobaltAdvocates  last night as they continue their mission to protect reproductive choice in Colorado under a new name #copolitics https://t.co/Su23vhQLL4,2020-01-23 17:24:34,Twitter Web App,8,17
"I was the person who saved Pre-Existing Conditions in your Healthcare." -- Trump  Hmmm... 👀  Quick health care updates: https://t.co/F3bnuES9mB https://t.co/VO9bR5rdjY,2020-01-23 17:00:57,Gain Platform,3,1
The PFAS Action Act will better regulate the toxic chemicals linked to cancer and found in several everyday products. I urge this administration to reconsider their veto threat and prioritize public health before it's too late. Read more ➡️ https://t.co/TjWafbU9Dv,2020-01-23 17:00:47,Gain Platform,1,0
We shouldn't have to remind politicians to stay out of the doctor's office. The only person who should get to make decisions about your health is YOU. On the anniversary of #Roe add your name today to #protectchoice &gt;&gt; https://t.co/79vWdd29hW https://t.co/g6zWqeMQLq,2020-01-22 17:38:14,Gain Platform,1,0
The latest newspaper mega-merger to destroy jobs and make it harder for the public to access a variety of high-quality (and local) news. MORE &gt;&gt; https://t.co/6kPdSsyYXf https://t.co/2F2lZMGxF2,2020-01-21 17:00:50,Gain Platform,1,0
Today I am reminded that -- despite our continued struggle for civil rights racial justice and economic equality -- love and light can (and must) prevail.,2020-01-20 17:00:54,Gain Platform,1,0
